  0
SECTION
  2
HEADER
  9
$ACADVER
  1
AC1024
  9
$ACADMAINTVER
 70
6
  9
$DWGCODEPAGE
  3
ANSI_1252
  9
$LASTSAVEDBY
  1
ezdxf
  9
$INSBASE
 10
0.0
 20
0.0
 30
0.0
  9
$EXTMIN
 10
1e+20
 20
1e+20
 30
1e+20
  9
$EXTMAX
 10
-1e+20
 20
-1e+20
 30
-1e+20
  9
$LIMMIN
 10
0.0
 20
0.0
  9
$LIMMAX
 10
420.0
 20
297.0
  9
$ORTHOMODE
 70
0
  9
$REGENMODE
 70
1
  9
$FILLMODE
 70
1
  9
$QTEXTMODE
 70
0
  9
$MIRRTEXT
 70
1
  9
$LTSCALE
 40
1.0
  9
$ATTMODE
 70
1
  9
$TEXTSIZE
 40
2.5
  9
$TRACEWID
 40
1.0
  9
$TEXTSTYLE
  7
Standard
  9
$CLAYER
  8
0
  9
$CELTYPE
  6
ByLayer
  9
$CECOLOR
 62
256
  9
$CELTSCALE
 40
1.0
  9
$DISPSILH
 70
0
  9
$DIMSCALE
 40
1.0
  9
$DIMASZ
 40
2.5
  9
$DIMEXO
 40
0.625
  9
$DIMDLI
 40
3.75
  9
$DIMRND
 40
0.0
  9
$DIMDLE
 40
0.0
  9
$DIMEXE
 40
1.25
  9
$DIMTP
 40
0.0
  9
$DIMTM
 40
0.0
  9
$DIMTXT
 40
2.5
  9
$DIMCEN
 40
2.5
  9
$DIMTSZ
 40
0.0
  9
$DIMTOL
 70
0
  9
$DIMLIM
 70
0
  9
$DIMTIH
 70
0
  9
$DIMTOH
 70
0
  9
$DIMSE1
 70
0
  9
$DIMSE2
 70
0
  9
$DIMTAD
 70
1
  9
$DIMZIN
 70
8
  9
$DIMBLK
  1

  9
$DIMASO
 70
1
  9
$DIMSHO
 70
1
  9
$DIMPOST
  1

  9
$DIMAPOST
  1

  9
$DIMALT
 70
0
  9
$DIMALTD
 70
3
  9
$DIMALTF
 40
0.03937007874
  9
$DIMLFAC
 40
1.0
  9
$DIMTOFL
 70
1
  9
$DIMTVP
 40
0.0
  9
$DIMTIX
 70
0
  9
$DIMSOXD
 70
0
  9
$DIMSAH
 70
0
  9
$DIMBLK1
  1

  9
$DIMBLK2
  1

  9
$DIMSTYLE
  2
ISO-25
  9
$DIMCLRD
 70
0
  9
$DIMCLRE
 70
0
  9
$DIMCLRT
 70
0
  9
$DIMTFAC
 40
1.0
  9
$DIMGAP
 40
0.625
  9
$DIMJUST
 70
0
  9
$DIMSD1
 70
0
  9
$DIMSD2
 70
0
  9
$DIMTOLJ
 70
0
  9
$DIMTZIN
 70
8
  9
$DIMALTZ
 70
0
  9
$DIMALTTZ
 70
0
  9
$DIMUPT
 70
0
  9
$DIMDEC
 70
2
  9
$DIMTDEC
 70
2
  9
$DIMALTU
 70
2
  9
$DIMALTTD
 70
3
  9
$DIMTXSTY
  7
Standard
  9
$DIMAUNIT
 70
0
  9
$DIMADEC
 70
0
  9
$DIMALTRND
 40
0.0
  9
$DIMAZIN
 70
0
  9
$DIMDSEP
 70
44
  9
$DIMATFIT
 70
3
  9
$DIMFRAC
 70
0
  9
$DIMLDRBLK
  1

  9
$DIMLUNIT
 70
2
  9
$DIMLWD
 70
-2
  9
$DIMLWE
 70
-2
  9
$DIMTMOVE
 70
0
  9
$DIMFXL
 40
1.0
  9
$DIMFXLON
 70
0
  9
$DIMJOGANG
 40
0.785398163397
  9
$DIMTFILL
 70
0
  9
$DIMTFILLCLR
 70
0
  9
$DIMARCSYM
 70
0
  9
$DIMLTYPE
  6

  9
$DIMLTEX1
  6

  9
$DIMLTEX2
  6

  9
$DIMTXTDIRECTION
 70
0
  9
$LUNITS
 70
2
  9
$LUPREC
 70
4
  9
$SKETCHINC
 40
1.0
  9
$FILLETRAD
 40
10.0
  9
$AUNITS
 70
0
  9
$AUPREC
 70
2
  9
$MENU
  1
.
  9
$ELEVATION
 40
0.0
  9
$PELEVATION
 40
0.0
  9
$THICKNESS
 40
0.0
  9
$LIMCHECK
 70
0
  9
$CHAMFERA
 40
0.0
  9
$CHAMFERB
 40
0.0
  9
$CHAMFERC
 40
0.0
  9
$CHAMFERD
 40
0.0
  9
$SKPOLY
 70
0
  9
$TDCREATE
 40
2461320.231689815
  9
$TDUCREATE
 40
2458532.153996898
  9
$TDUPDATE
 40
2461320.231689815
  9
$TDUUPDATE
 40
2458532.1544311
  9
$TDINDWG
 40
0.0
  9
$TDUSRTIMER
 40
0.0
  9
$USRTIMER
 70
1
  9
$ANGBASE
 50
0.0
  9
$ANGDIR
 70
0
  9
$PDMODE
 70
0
  9
$PDSIZE
 40
0.0
  9
$PLINEWID
 40
0.0
  9
$SPLFRAME
 70
0
  9
$SPLINETYPE
 70
6
  9
$SPLINESEGS
 70
8
  9
$HANDSEED
  5
5B
  9
$SURFTAB1
 70
6
  9
$SURFTAB2
 70
6
  9
$SURFTYPE
 70
6
  9
$SURFU
 70
6
  9
$SURFV
 70
6
  9
$UCSBASE
  2

  9
$UCSNAME
  2

  9
$UCSORG
 10
0.0
 20
0.0
 30
0.0
  9
$UCSXDIR
 10
1.0
 20
0.0
 30
0.0
  9
$UCSYDIR
 10
0.0
 20
1.0
 30
0.0
  9
$UCSORTHOREF
  2

  9
$UCSORTHOVIEW
 70
0
  9
$UCSORGTOP
 10
0.0
 20
0.0
 30
0.0
  9
$UCSORGBOTTOM
 10
0.0
 20
0.0
 30
0.0
  9
$UCSORGLEFT
 10
0.0
 20
0.0
 30
0.0
  9
$UCSORGRIGHT
 10
0.0
 20
0.0
 30
0.0
  9
$UCSORGFRONT
 10
0.0
 20
0.0
 30
0.0
  9
$UCSORGBACK
 10
0.0
 20
0.0
 30
0.0
  9
$PUCSBASE
  2

  9
$PUCSNAME
  2

  9
$PUCSORG
 10
0.0
 20
0.0
 30
0.0
  9
$PUCSXDIR
 10
1.0
 20
0.0
 30
0.0
  9
$PUCSYDIR
 10
0.0
 20
1.0
 30
0.0
  9
$PUCSORTHOREF
  2

  9
$PUCSORTHOVIEW
 70
0
  9
$PUCSORGTOP
 10
0.0
 20
0.0
 30
0.0
  9
$PUCSORGBOTTOM
 10
0.0
 20
0.0
 30
0.0
  9
$PUCSORGLEFT
 10
0.0
 20
0.0
 30
0.0
  9
$PUCSORGRIGHT
 10
0.0
 20
0.0
 30
0.0
  9
$PUCSORGFRONT
 10
0.0
 20
0.0
 30
0.0
  9
$PUCSORGBACK
 10
0.0
 20
0.0
 30
0.0
  9
$USERI1
 70
0
  9
$USERI2
 70
0
  9
$USERI3
 70
0
  9
$USERI4
 70
0
  9
$USERI5
 70
0
  9
$USERR1
 40
0.0
  9
$USERR2
 40
0.0
  9
$USERR3
 40
0.0
  9
$USERR4
 40
0.0
  9
$USERR5
 40
0.0
  9
$WORLDVIEW
 70
1
  9
$SHADEDGE
 70
3
  9
$SHADEDIF
 70
70
  9
$TILEMODE
 70
1
  9
$MAXACTVP
 70
64
  9
$PINSBASE
 10
0.0
 20
0.0
 30
0.0
  9
$PLIMCHECK
 70
0
  9
$PEXTMIN
 10
1e+20
 20
1e+20
 30
1e+20
  9
$PEXTMAX
 10
-1e+20
 20
-1e+20
 30
-1e+20
  9
$PLIMMIN
 10
0.0
 20
0.0
  9
$PLIMMAX
 10
420.0
 20
297.0
  9
$UNITMODE
 70
0
  9
$VISRETAIN
 70
1
  9
$PLINEGEN
 70
0
  9
$PSLTSCALE
 70
1
  9
$TREEDEPTH
 70
3020
  9
$CMLSTYLE
  2
Standard
  9
$CMLJUST
 70
0
  9
$CMLSCALE
 40
20.0
  9
$PROXYGRAPHICS
 70
1
  9
$MEASUREMENT
 70
1
  9
$CELWEIGHT
370
-1
  9
$ENDCAPS
280
0
  9
$JOINSTYLE
280
0
  9
$LWDISPLAY
290
0
  9
$INSUNITS
 70
4
  9
$HYPERLINKBASE
  1

  9
$STYLESHEET
  1

  9
$XEDIT
290
1
  9
$CEPSNTYPE
380
0
  9
$PSTYLEMODE
290
1
  9
$FINGERPRINTGUID
  2
{D7CB105A-1390-48AC-A632-5DFC2E8C4EBC}
  9
$VERSIONGUID
  2
{FF45A123-1770-4F97-A1B9-752E84616501}
  9
$EXTNAMES
290
1
  9
$PSVPSCALE
 40
0.0
  9
$OLESTARTUP
290
0
  9
$SORTENTS
280
127
  9
$INDEXCTL
280
0
  9
$HIDETEXT
280
1
  9
$XCLIPFRAME
280
1
  9
$HALOGAP
280
0
  9
$OBSCOLOR
 70
257
  9
$OBSLTYPE
280
0
  9
$INTERSECTIONDISPLAY
280
0
  9
$INTERSECTIONCOLOR
 70
257
  9
$DIMASSOC
280
2
  9
$PROJECTNAME
  1

  9
$CAMERADISPLAY
290
0
  9
$LENSLENGTH
 40
50.0
  9
$CAMERAHEIGHT
 40
0.0
  9
$STEPSPERSEC
 40
24.0
  9
$STEPSIZE
 40
100.0
  9
$3DDWFPREC
 40
2.0
  9
$PSOLWIDTH
 40
0.005
  9
$PSOLHEIGHT
 40
0.08
  9
$LOFTANG1
 40
1.570796326795
  9
$LOFTANG2
 40
1.570796326795
  9
$LOFTMAG1
 40
0.0
  9
$LOFTMAG2
 40
0.0
  9
$LOFTPARAM
 70
7
  9
$LOFTNORMALS
280
1
  9
$LATITUDE
 40
37.795
  9
$LONGITUDE
 40
-122.394
  9
$NORTHDIRECTION
 40
0.0
  9
$TIMEZONE
 70
-8000
  9
$LIGHTGLYPHDISPLAY
280
1
  9
$TILEMODELIGHTSYNCH
280
1
  9
$CMATERIAL
347
20
  9
$SOLIDHIST
280
0
  9
$SHOWHIST
280
1
  9
$DWFFRAME
280
2
  9
$DGNFRAME
280
2
  9
$REALWORLDSCALE
290
1
  9
$INTERFERECOLOR
 62
256
  9
$CSHADOW
280
0
  9
$SHADOWPLANELOCATION
 40
0.0
  0
ENDSEC
  0
SECTION
  2
CLASSES
  0
CLASS
  1
ACDBDICTIONARYWDFLT
  2
AcDbDictionaryWithDefault
  3
ObjectDBX Classes
 90
0
 91
0
280
0
281
0
  0
CLASS
  1
SUN
  2
AcDbSun
  3
SCENEOE
 90
1153
 91
0
280
0
281
0
  0
CLASS
  1
VISUALSTYLE
  2
AcDbVisualStyle
  3
ObjectDBX Classes
 90
4095
 91
0
280
0
281
0
  0
CLASS
  1
MATERIAL
  2
AcDbMaterial
  3
ObjectDBX Classes
 90
1153
 91
0
280
0
281
0
  0
CLASS
  1
SCALE
  2
AcDbScale
  3
ObjectDBX Classes
 90
1153
 91
0
280
0
281
0
  0
CLASS
  1
TABLESTYLE
  2
AcDbTableStyle
  3
ObjectDBX Classes
 90
4095
 91
0
280
0
281
0
  0
CLASS
  1
MLEADERSTYLE
  2
AcDbMLeaderStyle
  3
ACDB_MLEADERSTYLE_CLASS
 90
4095
 91
0
280
0
281
0
  0
CLASS
  1
DICTIONARYVAR
  2
AcDbDictionaryVar
  3
ObjectDBX Classes
 90
0
 91
0
280
0
281
0
  0
CLASS
  1
CELLSTYLEMAP
  2
AcDbCellStyleMap
  3
ObjectDBX Classes
 90
1152
 91
0
280
0
281
0
  0
CLASS
  1
MENTALRAYRENDERSETTINGS
  2
AcDbMentalRayRenderSettings
  3
SCENEOE
 90
1024
 91
0
280
0
281
0
  0
CLASS
  1
ACDBDETAILVIEWSTYLE
  2
AcDbDetailViewStyle
  3
ObjectDBX Classes
 90
1025
 91
0
280
0
281
0
  0
CLASS
  1
ACDBSECTIONVIEWSTYLE
  2
AcDbSectionViewStyle
  3
ObjectDBX Classes
 90
1025
 91
0
280
0
281
0
  0
CLASS
  1
RASTERVARIABLES
  2
AcDbRasterVariables
  3
ISM
 90
0
 91
0
280
0
281
0
  0
CLASS
  1
ACDBPLACEHOLDER
  2
AcDbPlaceHolder
  3
ObjectDBX Classes
 90
0
 91
0
280
0
281
0
  0
CLASS
  1
LAYOUT
  2
AcDbLayout
  3
ObjectDBX Classes
 90
0
 91
0
280
0
281
0
  0
ENDSEC
  0
SECTION
  2
TABLES
  0
TABLE
  2
VPORT
  5
8
330
0
100
AcDbSymbolTable
 70
1
  0
VPORT
  5
23
330
8
100
AcDbSymbolTableRecord
100
AcDbViewportTableRecord
  2
*Active
 70
0
 10
0.0
 20
0.0
 11
1.0
 21
1.0
 12
0.0
 22
0.0
 13
0.0
 23
0.0
 14
0.5
 24
0.5
 15
0.5
 25
0.5
 16
0.0
 26
0.0
 36
1.0
 17
0.0
 27
0.0
 37
0.0
 40
1000.0
 41
1.34
 42
50.0
 43
0.0
 44
0.0
 50
0.0
 51
0.0
 71
0
 72
1000
 73
1
 74
3
 75
0
 76
0
 77
0
 78
0
281
0
 65
0
146
0.0
  0
ENDTAB
  0
TABLE
  2
LTYPE
  5
2
330
0
100
AcDbSymbolTable
 70
3
  0
LTYPE
  5
24
330
2
100
AcDbSymbolTableRecord
100
AcDbLinetypeTableRecord
  2
ByBlock
 70
0
  3

 72
65
 73
0
 40
0.0
  0
LTYPE
  5
25
330
2
100
AcDbSymbolTableRecord
100
AcDbLinetypeTableRecord
  2
ByLayer
 70
0
  3

 72
65
 73
0
 40
0.0
  0
LTYPE
  5
26
330
2
100
AcDbSymbolTableRecord
100
AcDbLinetypeTableRecord
  2
Continuous
 70
0
  3

 72
65
 73
0
 40
0.0
  0
ENDTAB
  0
TABLE
  2
LAYER
  5
1
330
0
100
AcDbSymbolTable
 70
4
  0
LAYER
  5
27
330
1
100
AcDbSymbolTableRecord
100
AcDbLayerTableRecord
  2
0
 70
0
 62
7
  6
Continuous
370
-3
390
13
347
21
  0
LAYER
  5
28
330
1
100
AcDbSymbolTableRecord
100
AcDbLayerTableRecord
  2
Defpoints
 70
0
 62
7
  6
Continuous
290
0
370
-3
390
13
347
21
  0
LAYER
  5
2F
330
1
100
AcDbSymbolTableRecord
100
AcDbLayerTableRecord
  2
CUT
 70
0
 62
7
  6
Continuous
370
-3
390
13
347
21
  0
LAYER
  5
30
330
1
100
AcDbSymbolTableRecord
100
AcDbLayerTableRecord
  2
SHEET
 70
0
 62
7
  6
Continuous
370
-3
390
13
347
21
  0
ENDTAB
  0
TABLE
  2
STYLE
  5
5
330
0
100
AcDbSymbolTable
 70
1
  0
STYLE
  5
29
330
5
100
AcDbSymbolTableRecord
100
AcDbTextStyleTableRecord
  2
Standard
 70
0
 40
0.0
 41
1.0
 50
0.0
 71
0
 42
2.5
  3
txt
  4

  0
ENDTAB
  0
TABLE
  2
VIEW
  5
7
330
0
100
AcDbSymbolTable
 70
0
  0
ENDTAB
  0
TABLE
  2
UCS
  5
6
330
0
100
AcDbSymbolTable
 70
0
  0
ENDTAB
  0
TABLE
  2
APPID
  5
3
330
0
100
AcDbSymbolTable
 70
3
  0
APPID
  5
2A
330
3
100
AcDbSymbolTableRecord
100
AcDbRegAppTableRecord
  2
ACAD
 70
0
  0
APPID
  5
58
330
3
100
AcDbSymbolTableRecord
100
AcDbRegAppTableRecord
  2
HATCHBACKGROUNDCOLOR
 70
0
  0
APPID
  5
59
330
3
100
AcDbSymbolTableRecord
100
AcDbRegAppTableRecord
  2
EZDXF
 70
0
  0
ENDTAB
  0
TABLE
  2
DIMSTYLE
  5
4
330
0
100
AcDbSymbolTable
 70
1
100
AcDbDimStyleTable
  0
DIMSTYLE
105
2B
330
4
100
AcDbSymbolTableRecord
100
AcDbDimStyleTableRecord
  2
Standard
 70
0
 40
1.0
 41
2.5
 42
0.625
 43
3.75
 44
1.25
 45
0.0
 46
0.0
 47
0.0
 48
0.0
 49
2.5
140
2.5
141
2.5
142
0.0
143
0.03937007874
144
1.0
145
0.0
146
1.0
147
0.625
148
0.0
 69
0
 70
0
 71
0
 72
0
 73
0
 74
0
 75
0
 76
0
 77
1
 78
8
 79
3
170
0
171
3
172
1
173
0
174
0
175
0
176
0
177
0
178
0
179
2
271
2
272
2
273
2
274
3
275
0
276
0
277
2
278
44
279
0
280
0
281
0
282
0
283
0
284
8
285
0
286
0
288
0
289
3
290
0
371
-2
372
-2
  0
ENDTAB
  0
TABLE
  2
BLOCK_RECORD
  5
9
330
0
100
AcDbSymbolTable
 70
2
  0
BLOCK_RECORD
  5
17
330
9
100
AcDbSymbolTableRecord
100
AcDbBlockTableRecord
  2
*Model_Space
340
1A
 70
0
280
1
281
0
  0
BLOCK_RECORD
  5
1B
330
9
100
AcDbSymbolTableRecord
100
AcDbBlockTableRecord
  2
*Paper_Space
340
1E
 70
0
280
1
281
0
  0
ENDTAB
  0
ENDSEC
  0
SECTION
  2
BLOCKS
  0
BLOCK
  5
18
330
17
100
AcDbEntity
  8
0
100
AcDbBlockBegin
  2
*Model_Space
 70
0
 10
0.0
 20
0.0
 30
0.0
  3
*Model_Space
  1

  0
ENDBLK
  5
19
330
17
100
AcDbEntity
  8
0
100
AcDbBlockEnd
  0
BLOCK
  5
1C
330
1B
100
AcDbEntity
  8
0
100
AcDbBlockBegin
  2
*Paper_Space
 70
0
 10
0.0
 20
0.0
 30
0.0
  3
*Paper_Space
  1

  0
ENDBLK
  5
1D
330
1B
100
AcDbEntity
  8
0
100
AcDbBlockEnd
  0
ENDSEC
  0
SECTION
  2
ENTITIES
  0
LWPOLYLINE
  5
31
330
17
100
AcDbEntity
  8
SHEET
100
AcDbPolyline
 90
4
 70
1
 10
0.0
 20
0.0
 10
900.0
 20
0.0
 10
900.0
 20
600.0
 10
0.0
 20
600.0
  0
LWPOLYLINE
  5
32
330
17
100
AcDbEntity
  8
CUT
100
AcDbPolyline
 90
261
 70
1
 10
20.0
 20
10.0
 10
19.509175429541756
 20
10.006023626075915
 10
19.01864651345164
 20
10.024090875896551
 10
18.528708728006652
 20
10.054190866426197
 10
18.039657193408786
 20
10.09630546655606
 10
17.551786496015676
 20
10.1504093080258
 10
17.06539051089277
 20
10.216469800704381
 10
16.580762224793975
 20
10.294447152221174
 10
16.098193559677437
 20
10.384294391935391
 10
15.617975196862606
 20
10.485957399229427
 10
15.140396401934723
 20
10.599374936109122
 10
14.665744850502033
 20
10.724478684091203
 10
14.194306454910757
 20
10.86119328535582
 10
13.726365192022172
 20
11.009436388139267
 10
13.262202932155601
 20
11.169118696339584
 10
12.802099269300236
 20
11.340144023305221
 10
12.346331352698206
 20
11.522409349774264
 10
11.895173719900205
 20
11.715804885929387
 10
11.448898131394355
 20
11.920214137531136
 10
11.007773406907866
 20
12.135513976089698
 10
10.572065263480045
 20
12.361574713032898
 10
10.14203615540432
 20
12.598260177825772
 10
9.717945116135567
 20
12.845427799994557
 10
9.30004760225806
 20
13.102928695005854
 10
8.88859533960796
 20
13.370607753949091
 10
8.483836171643093
 20
13.648303736968327
 10
8.086013910151333
 20
13.9358493703871
 10
7.695368188387466
 20
14.233071447467873
 10
7.312134316727093
 20
14.539790932745259
 10
6.936543140924464
 20
14.855823069870311
 10
6.568820903059631
 20
15.18097749290082
 10
6.209189105258661
 20
15.515058340970661
 10
5.857864376269051
 20
15.857864376269049
 10
5.515058340970665
 20
16.20918910525866
 10
5.180977492900823
 20
16.56882090305963
 10
4.855823069870313
 20
16.93654314092446
 10
4.539790932745261
 20
17.31213431672709
 10
4.233071447467875
 20
17.695368188387462
 10
3.9358493703871034
 20
18.08601391015133
 10
3.6483037369683267
 20
18.48383617164309
 10
3.370607753949095
 20
18.888595339607956
 10
3.1029286950058577
 20
19.300047602258058
 10
2.8454277999945603
 20
19.717945116135564
 10
2.5982601778257717
 20
20.142036155404316
 10
2.3615747130329012
 20
20.57206526348004
 10
2.1355139760896975
 20
21.007773406907862
 10
1.9202141375311328
 20
21.44889813139436
 10
1.715804885929387
 20
21.8951737199002
 10
1.5224093497742643
 20
22.3463313526982
 10
1.3401440233052213
 20
22.802099269300236
 10
1.1691186963395879
 20
23.262202932155596
 10
1.0094363881392674
 20
23.726365192022172
 10
0.8611932853558244
 20
24.194306454910752
 10
0.7244786840912028
 20
24.66574485050203
 10
0.5993749361091218
 20
25.14039640193472
 10
0.4859573992294308
 20
25.6179751968626
 10
0.3842943919353914
 20
26.098193559677426
 10
0.29444715222117424
 20
26.580762224793975
 10
0.21646980070438104
 20
27.065390510892765
 10
0.15040930802580021
 20
27.551786496015673
 10
0.09630546655606409
 20
28.039657193408782
 10
0.05419086642619675
 20
28.528708728006645
 10
0.02409087589655101
 20
29.018646513451642
 10
0.006023626075915445
 20
29.509175429541752
 10
0.0
 20
30.0
 10
0.0
 20
150.0
 10
0.006023626075915445
 20
150.49082457045824
 10
0.02409087589655101
 20
150.98135348654836
 10
0.05419086642619675
 20
151.47129127199335
 10
0.09630546655606409
 20
151.96034280659123
 10
0.15040930802580021
 20
152.44821350398433
 10
0.21646980070438104
 20
152.93460948910723
 10
0.29444715222117424
 20
153.41923777520603
 10
0.3842943919353914
 20
153.90180644032256
 10
0.4859573992294308
 20
154.3820248031374
 10
0.5993749361091218
 20
154.8596035980653
 10
0.7244786840912028
 20
155.33425514949798
 10
0.8611932853558244
 20
155.80569354508924
 10
1.0094363881392674
 20
156.27363480797783
 10
1.1691186963395843
 20
156.73779706784438
 10
1.3401440233052213
 20
157.19790073069976
 10
1.5224093497742643
 20
157.6536686473018
 10
1.715804885929387
 20
158.1048262800998
 10
1.9202141375311363
 20
158.55110186860566
 10
2.1355139760896975
 20
158.99222659309214
 10
2.3615747130329012
 20
159.42793473651994
 10
2.5982601778257717
 20
159.85796384459567
 10
2.8454277999945603
 20
160.28205488386445
 10
3.1029286950058577
 20
160.69995239774195
 10
3.370607753949095
 20
161.11140466039205
 10
3.6483037369683267
 20
161.51616382835692
 10
3.9358493703871034
 20
161.91398608984866
 10
4.233071447467875
 20
162.30463181161252
 10
4.539790932745261
 20
162.68786568327292
 10
4.855823069870313
 20
163.06345685907553
 10
5.180977492900823
 20
163.43117909694038
 10
5.515058340970665
 20
163.79081089474136
 10
5.857864376269051
 20
164.14213562373095
 10
6.209189105258661
 20
164.48494165902935
 10
6.568820903059631
 20
164.8190225070992
 10
6.936543140924464
 20
165.14417693012967
 10
7.312134316727093
 20
165.46020906725474
 10
7.695368188387466
 20
165.76692855253214
 10
8.086013910151333
 20
166.0641506296129
 10
8.483836171643093
 20
166.35169626303167
 10
8.88859533960796
 20
166.6293922460509
 10
9.30004760225806
 20
166.89707130499414
 10
9.717945116135567
 20
167.15457220000545
 10
10.14203615540432
 20
167.40173982217422
 10
10.572065263480045
 20
167.6384252869671
 10
11.007773406907866
 20
167.8644860239103
 10
11.448898131394362
 20
168.07978586246887
 10
11.895173719900205
 20
168.2841951140706
 10
12.346331352698206
 20
168.47759065022575
 10
12.802099269300236
 20
168.6598559766948
 10
13.262202932155601
 20
168.83088130366042
 10
13.726365192022172
 20
168.99056361186072
 10
14.194306454910757
 20
169.13880671464418
 10
14.665744850502033
 20
169.2755213159088
 10
15.140396401934723
 20
169.40062506389089
 10
15.617975196862606
 20
169.51404260077058
 10
16.098193559677437
 20
169.61570560806462
 10
16.580762224793975
 20
169.70555284777882
 10
17.06539051089277
 20
169.78353019929563
 10
17.551786496015676
 20
169.84959069197419
 10
18.039657193408786
 20
169.90369453344394
 10
18.528708728006652
 20
169.9458091335738
 10
19.01864651345164
 20
169.97590912410345
 10
19.509175429541756
 20
169.99397637392408
 10
20.0
 20
170.0
 10
240.0
 20
170.0
 10
240.49082457045824
 20
169.99397637392408
 10
240.98135348654836
 20
169.97590912410345
 10
241.47129127199335
 20
169.9458091335738
 10
241.96034280659123
 20
169.90369453344394
 10
242.44821350398433
 20
169.84959069197419
 10
242.93460948910723
 20
169.78353019929563
 10
243.41923777520603
 20
169.70555284777882
 10
243.90180644032256
 20
169.61570560806462
 10
244.3820248031374
 20
169.51404260077058
 10
244.8596035980653
 20
169.40062506389089
 10
245.33425514949798
 20
169.2755213159088
 10
245.80569354508924
 20
169.13880671464418
 10
246.27363480797783
 20
168.99056361186072
 10
246.7377970678444
 20
168.83088130366042
 10
247.19790073069976
 20
168.6598559766948
 10
247.6536686473018
 20
168.47759065022575
 10
248.1048262800998
 20
168.2841951140706
 10
248.55110186860566
 20
168.07978586246887
 10
248.99222659309214
 20
167.8644860239103
 10
249.42793473651994
 20
167.6384252869671
 10
249.85796384459567
 20
167.40173982217422
 10
250.28205488386442
 20
167.15457220000545
 10
250.69995239774195
 20
166.89707130499414
 10
251.11140466039205
 20
166.6293922460509
 10
251.5161638283569
 20
166.35169626303167
 10
251.91398608984866
 20
166.0641506296129
 10
252.30463181161252
 20
165.76692855253214
 10
252.68786568327292
 20
165.46020906725474
 10
253.06345685907553
 20
165.14417693012967
 10
253.43117909694035
 20
164.8190225070992
 10
253.79081089474133
 20
164.48494165902935
 10
254.14213562373095
 20
164.14213562373095
 10
254.48494165902935
 20
163.79081089474133
 10
254.8190225070992
 20
163.43117909694035
 10
255.1441769301297
 20
163.06345685907553
 10
255.46020906725474
 20
162.68786568327292
 10
255.76692855253214
 20
162.30463181161252
 10
256.0641506296129
 20
161.91398608984866
 10
256.35169626303167
 20
161.5161638283569
 10
256.6293922460509
 20
161.11140466039205
 10
256.89707130499414
 20
160.69995239774195
 10
257.1545722000054
 20
160.28205488386442
 10
257.40173982217425
 20
159.85796384459567
 10
257.6384252869671
 20
159.42793473651994
 10
257.86448602391033
 20
158.99222659309214
 10
258.07978586246884
 20
158.55110186860566
 10
258.2841951140706
 20
158.1048262800998
 10
258.47759065022575
 20
157.6536686473018
 10
258.65985597669476
 20
157.19790073069976
 10
258.8308813036604
 20
156.7377970678444
 10
258.99056361186075
 20
156.27363480797783
 10
259.13880671464415
 20
155.80569354508924
 10
259.2755213159088
 20
155.33425514949798
 10
259.40062506389086
 20
154.8596035980653
 10
259.51404260077055
 20
154.3820248031374
 10
259.6157056080646
 20
153.90180644032256
 10
259.70555284777885
 20
153.41923777520603
 10
259.7835301992956
 20
152.93460948910723
 10
259.8495906919742
 20
152.44821350398433
 10
259.90369453344397
 20
151.9603428065912
 10
259.9458091335738
 20
151.47129127199335
 10
259.97590912410345
 20
150.98135348654836
 10
259.99397637392406
 20
150.49082457045824
 10
260.0
 20
150.0
 10
260.0
 20
30.0
 10
259.99397637392406
 20
29.509175429541756
 10
259.97590912410345
 20
29.01864651345164
 10
259.9458091335738
 20
28.528708728006652
 10
259.90369453344397
 20
28.039657193408786
 10
259.8495906919742
 20
27.551786496015676
 10
259.7835301992956
 20
27.065390510892765
 10
259.70555284777885
 20
26.580762224793975
 10
259.6157056080646
 20
26.098193559677433
 10
259.51404260077055
 20
25.617975196862606
 10
259.40062506389086
 20
25.140396401934723
 10
259.2755213159088
 20
24.665744850502033
 10
259.1388067146442
 20
24.194306454910755
 10
258.99056361186075
 20
23.726365192022172
 10
258.8308813036604
 20
23.2622029321556
 10
258.65985597669476
 20
22.802099269300236
 10
258.47759065022575
 20
22.346331352698204
 10
258.2841951140706
 20
21.895173719900203
 10
258.07978586246884
 20
21.44889813139436
 10
257.86448602391033
 20
21.00777340690787
 10
257.6384252869671
 20
20.572065263480045
 10
257.40173982217425
 20
20.14203615540432
 10
257.1545722000054
 20
19.717945116135567
 10
256.89707130499414
 20
19.300047602258054
 10
256.6293922460509
 20
18.888595339607956
 10
256.35169626303167
 20
18.48383617164309
 10
256.0641506296129
 20
18.086013910151333
 10
255.76692855253214
 20
17.695368188387462
 10
255.46020906725474
 20
17.31213431672709
 10
255.1441769301297
 20
16.936543140924464
 10
254.8190225070992
 20
16.56882090305963
 10
254.48494165902935
 20
16.209189105258663
 10
254.14213562373095
 20
15.85786437626905
 10
253.79081089474133
 20
15.515058340970661
 10
253.43117909694035
 20
15.180977492900817
 10
253.06345685907553
 20
14.855823069870311
 10
252.68786568327292
 20
14.53979093274526
 10
252.30463181161252
 20
14.233071447467875
 10
251.91398608984866
 20
13.935849370387103
 10
251.5161638283569
 20
13.648303736968327
 10
251.11140466039205
 20
13.370607753949095
 10
250.69995239774195
 20
13.102928695005858
 10
250.28205488386442
 20
12.845427799994557
 10
249.85796384459567
 20
12.598260177825772
 10
249.42793473651994
 20
12.361574713032901
 10
248.99222659309214
 20
12.135513976089694
 10
248.55110186860566
 20
11.920214137531133
 10
248.1048262800998
 20
11.715804885929387
 10
247.6536686473018
 20
11.522409349774264
 10
247.19790073069976
 20
11.340144023305221
 10
246.7377970678444
 20
11.169118696339584
 10
246.27363480797783
 20
11.009436388139267
 10
245.80569354508924
 20
10.86119328535582
 10
245.33425514949798
 20
10.724478684091203
 10
244.8596035980653
 20
10.599374936109122
 10
244.3820248031374
 20
10.485957399229427
 10
243.90180644032256
 20
10.384294391935391
 10
243.41923777520603
 20
10.294447152221174
 10
242.93460948910723
 20
10.216469800704381
 10
242.44821350398433
 20
10.1504093080258
 10
241.96034280659123
 20
10.096305466556064
 10
241.47129127199335
 20
10.054190866426197
 10
240.98135348654836
 20
10.024090875896551
 10
240.49082457045824
 20
10.006023626075915
 10
240.0
 20
10.0
 10
20.0
 20
10.0
  0
LWPOLYLINE
  5
33
330
17
100
AcDbEntity
  8
CUT
100
AcDbPolyline
 90
5
 70
1
 10
81.55
 20
161.0
 10
81.55
 20
167.1
 10
75.45
 20
167.1
 10
75.45
 20
161.0
 10
81.55
 20
161.0
  0
LWPOLYLINE
  5
34
330
17
100
AcDbEntity
  8
CUT
100
AcDbPolyline
 90
5
 70
1
 10
191.55
 20
161.0
 10
191.55
 20
167.1
 10
185.45
 20
167.1
 10
185.45
 20
161.0
 10
191.55
 20
161.0
  0
LWPOLYLINE
  5
35
330
17
100
AcDbEntity
  8
CUT
100
AcDbPolyline
 90
61
 70
1
 10
294.0
 20
10.0
 10
294.0
 20
24.0
 10
280.0
 20
24.0
 10
280.0
 20
46.0
 10
274.0
 20
46.0
 10
274.0
 20
68.0
 10
280.0
 20
68.0
 10
280.0
 20
100.0
 10
274.0
 20
100.0
 10
274.0
 20
122.0
 10
280.0
 20
122.0
 10
280.0
 20
144.0
 10
294.0
 20
144.0
 10
294.0
 20
158.0
 10
318.0
 20
158.0
 10
318.0
 20
164.0
 10
342.0
 20
164.0
 10
342.0
 20
158.0
 10
368.0
 20
158.0
 10
368.0
 20
164.0
 10
392.0
 20
164.0
 10
392.0
 20
158.0
 10
418.0
 20
158.0
 10
418.0
 20
164.0
 10
442.0
 20
164.0
 10
442.0
 20
158.0
 10
468.0
 20
158.0
 10
468.0
 20
164.0
 10
492.0
 20
164.0
 10
492.0
 20
158.0
 10
514.0
 20
158.0
 10
514.0
 20
144.0
 10
528.0
 20
144.0
 10
528.0
 20
122.0
 10
534.0
 20
122.0
 10
534.0
 20
100.0
 10
528.0
 20
100.0
 10
528.0
 20
68.0
 10
534.0
 20
68.0
 10
534.0
 20
46.0
 10
528.0
 20
46.0
 10
528.0
 20
24.0
 10
514.0
 20
24.0
 10
514.0
 20
10.0
 10
492.0
 20
10.0
 10
492.0
 20
4.0
 10
468.0
 20
4.0
 10
468.0
 20
10.0
 10
442.0
 20
10.0
 10
442.0
 20
4.0
 10
418.0
 20
4.0
 10
418.0
 20
10.0
 10
392.0
 20
10.0
 10
392.0
 20
4.0
 10
368.0
 20
4.0
 10
368.0
 20
10.0
 10
342.0
 20
10.0
 10
342.0
 20
4.0
 10
318.0
 20
4.0
 10
318.0
 20
10.0
 10
294.0
 20
10.0
  0
LWPOLYLINE
  5
36
330
17
100
AcDbEntity
  8
CUT
100
AcDbPolyline
 90
21
 70
1
 10
778.0
 20
10.0
 10
559.0
 20
10.0
 10
559.0
 20
24.0
 10
545.0
 20
24.0
 10
545.0
 20
143.0
 10
559.0
 20
143.0
 10
559.0
 20
157.0
 10
613.0
 20
157.0
 10
613.0
 20
153.0
 10
621.0
 20
153.0
 10
621.0
 20
157.0
 10
723.0
 20
157.0
 10
723.0
 20
153.0
 10
731.0
 20
153.0
 10
731.0
 20
157.0
 10
778.0
 20
157.0
 10
778.0
 20
143.0
 10
792.0
 20
143.0
 10
792.0
 20
24.0
 10
778.0
 20
24.0
 10
778.0
 20
10.0
  0
LWPOLYLINE
  5
37
330
17
100
AcDbEntity
  8
CUT
100
AcDbPolyline
 90
5
 70
1
 10
560.0
 20
142.0
 10
560.0
 20
25.0
 10
777.0
 20
25.0
 10
777.0
 20
142.0
 10
560.0
 20
142.0
  0
LWPOLYLINE
  5
38
330
17
100
AcDbEntity
  8
CUT
100
AcDbPolyline
 90
85
 70
1
 10
220.0
 20
185.0
 10
198.0
 20
185.0
 10
198.0
 20
191.1
 10
174.0
 20
191.1
 10
174.0
 20
185.0
 10
148.0
 20
185.0
 10
148.0
 20
191.1
 10
124.0
 20
191.1
 10
124.0
 20
185.0
 10
98.0
 20
185.0
 10
98.0
 20
191.1
 10
74.0
 20
191.1
 10
74.0
 20
185.0
 10
48.0
 20
185.0
 10
48.0
 20
191.1
 10
24.0
 20
191.1
 10
24.0
 20
185.0
 10
0.0
 20
185.0
 10
0.0
 20
190.95
 10
8.0
 20
190.95
 10
8.0
 20
197.05
 10
0.0
 20
197.05
 10
0.0
 20
208.95
 10
8.0
 20
208.95
 10
8.0
 20
215.05
 10
0.0
 20
215.05
 10
0.0
 20
226.95
 10
8.0
 20
226.95
 10
8.0
 20
233.05
 10
0.0
 20
233.05
 10
0.0
 20
244.95
 10
8.0
 20
244.95
 10
8.0
 20
251.05
 10
0.0
 20
251.05
 10
0.0
 20
262.95
 10
8.0
 20
262.95
 10
8.0
 20
269.05
 10
0.0
 20
269.05
 10
0.0
 20
280.95
 10
8.0
 20
280.95
 10
8.0
 20
287.05
 10
0.0
 20
287.05
 10
0.0
 20
298.95
 10
8.0
 20
298.95
 10
8.0
 20
305.05
 10
0.0
 20
305.05
 10
0.0
 20
316.95
 10
8.0
 20
316.95
 10
8.0
 20
323.05
 10
0.0
 20
323.05
 10
0.0
 20
329.0
 10
220.0
 20
329.0
 10
220.0
 20
323.05
 10
212.0
 20
323.05
 10
212.0
 20
316.95
 10
220.0
 20
316.95
 10
220.0
 20
305.05
 10
212.0
 20
305.05
 10
212.0
 20
298.95
 10
220.0
 20
298.95
 10
220.0
 20
287.05
 10
212.0
 20
287.05
 10
212.0
 20
280.95
 10
220.0
 20
280.95
 10
220.0
 20
269.05
 10
212.0
 20
269.05
 10
212.0
 20
262.95
 10
220.0
 20
262.95
 10
220.0
 20
251.05
 10
212.0
 20
251.05
 10
212.0
 20
244.95
 10
220.0
 20
244.95
 10
220.0
 20
233.05
 10
212.0
 20
233.05
 10
212.0
 20
226.95
 10
220.0
 20
226.95
 10
220.0
 20
215.05
 10
212.0
 20
215.05
 10
212.0
 20
208.95
 10
220.0
 20
208.95
 10
220.0
 20
197.05
 10
212.0
 20
197.05
 10
212.0
 20
190.95
 10
220.0
 20
190.95
 10
220.0
 20
185.0
  0
LWPOLYLINE
  5
39
330
17
100
AcDbEntity
  8
CUT
100
AcDbPolyline
 90
85
 70
1
 10
450.0
 20
185.0
 10
428.0
 20
185.0
 10
428.0
 20
191.1
 10
404.0
 20
191.1
 10
404.0
 20
185.0
 10
378.0
 20
185.0
 10
378.0
 20
191.1
 10
354.0
 20
191.1
 10
354.0
 20
185.0
 10
328.0
 20
185.0
 10
328.0
 20
191.1
 10
304.0
 20
191.1
 10
304.0
 20
185.0
 10
278.0
 20
185.0
 10
278.0
 20
191.1
 10
254.0
 20
191.1
 10
254.0
 20
185.0
 10
230.0
 20
185.0
 10
230.0
 20
190.95
 10
238.0
 20
190.95
 10
238.0
 20
197.05
 10
230.0
 20
197.05
 10
230.0
 20
208.95
 10
238.0
 20
208.95
 10
238.0
 20
215.05
 10
230.0
 20
215.05
 10
230.0
 20
226.95
 10
238.0
 20
226.95
 10
238.0
 20
233.05
 10
230.0
 20
233.05
 10
230.0
 20
244.95
 10
238.0
 20
244.95
 10
238.0
 20
251.05
 10
230.0
 20
251.05
 10
230.0
 20
262.95
 10
238.0
 20
262.95
 10
238.0
 20
269.05
 10
230.0
 20
269.05
 10
230.0
 20
280.95
 10
238.0
 20
280.95
 10
238.0
 20
287.05
 10
230.0
 20
287.05
 10
230.0
 20
298.95
 10
238.0
 20
298.95
 10
238.0
 20
305.05
 10
230.0
 20
305.05
 10
230.0
 20
316.95
 10
238.0
 20
316.95
 10
238.0
 20
323.05
 10
230.0
 20
323.05
 10
230.0
 20
329.0
 10
450.0
 20
329.0
 10
450.0
 20
323.05
 10
442.0
 20
323.05
 10
442.0
 20
316.95
 10
450.0
 20
316.95
 10
450.0
 20
305.05
 10
442.0
 20
305.05
 10
442.0
 20
298.95
 10
450.0
 20
298.95
 10
450.0
 20
287.05
 10
442.0
 20
287.05
 10
442.0
 20
280.95
 10
450.0
 20
280.95
 10
450.0
 20
269.05
 10
442.0
 20
269.05
 10
442.0
 20
262.95
 10
450.0
 20
262.95
 10
450.0
 20
251.05
 10
442.0
 20
251.05
 10
442.0
 20
244.95
 10
450.0
 20
244.95
 10
450.0
 20
233.05
 10
442.0
 20
233.05
 10
442.0
 20
226.95
 10
450.0
 20
226.95
 10
450.0
 20
215.05
 10
442.0
 20
215.05
 10
442.0
 20
208.95
 10
450.0
 20
208.95
 10
450.0
 20
197.05
 10
442.0
 20
197.05
 10
442.0
 20
190.95
 10
450.0
 20
190.95
 10
450.0
 20
185.0
  0
LWPOLYLINE
  5
3A
330
17
100
AcDbEntity
  8
CUT
100
AcDbPolyline
 90
5
 70
1
 10
284.55
 20
309.0
 10
284.55
 20
323.1
 10
278.45
 20
323.1
 10
278.45
 20
309.0
 10
284.55
 20
309.0
  0
LWPOLYLINE
  5
3B
330
17
100
AcDbEntity
  8
CUT
100
AcDbPolyline
 90
5
 70
1
 10
394.55
 20
309.0
 10
394.55
 20
323.1
 10
388.45
 20
323.1
 10
388.45
 20
309.0
 10
394.55
 20
309.0
  0
LWPOLYLINE
  5
3C
330
17
100
AcDbEntity
  8
CUT
100
AcDbPolyline
 90
13
 70
1
 10
687.0
 20
193.0
 10
687.0
 20
185.0
 10
468.0
 20
185.0
 10
468.0
 20
193.0
 10
460.0
 20
193.0
 10
460.0
 20
302.0
 10
468.0
 20
302.0
 10
468.0
 20
310.0
 10
687.0
 20
310.0
 10
687.0
 20
302.0
 10
695.0
 20
302.0
 10
695.0
 20
193.0
 10
687.0
 20
193.0
  0
LWPOLYLINE
  5
3D
330
17
100
AcDbEntity
  8
CUT
100
AcDbPolyline
 90
5
 70
1
 10
491.95
 20
205.0
 10
498.05
 20
205.0
 10
498.05
 20
223.0
 10
491.95
 20
223.0
 10
491.95
 20
205.0
  0
LWPOLYLINE
  5
3E
330
17
100
AcDbEntity
  8
CUT
100
AcDbPolyline
 90
5
 70
1
 10
574.45
 20
223.0
 10
574.45
 20
205.0
 10
580.55
 20
205.0
 10
580.55
 20
223.0
 10
574.45
 20
223.0
  0
LWPOLYLINE
  5
3F
330
17
100
AcDbEntity
  8
CUT
100
AcDbPolyline
 90
5
 70
1
 10
656.95
 20
223.0
 10
656.95
 20
205.0
 10
663.05
 20
205.0
 10
663.05
 20
223.0
 10
656.95
 20
223.0
  0
LWPOLYLINE
  5
40
330
17
100
AcDbEntity
  8
CUT
100
AcDbPolyline
 90
5
 70
1
 10
491.95
 20
272.0
 10
498.05
 20
272.0
 10
498.05
 20
290.0
 10
491.95
 20
290.0
 10
491.95
 20
272.0
  0
LWPOLYLINE
  5
41
330
17
100
AcDbEntity
  8
CUT
100
AcDbPolyline
 90
5
 70
1
 10
574.45
 20
290.0
 10
574.45
 20
272.0
 10
580.55
 20
272.0
 10
580.55
 20
290.0
 10
574.45
 20
290.0
  0
LWPOLYLINE
  5
42
330
17
100
AcDbEntity
  8
CUT
100
AcDbPolyline
 90
5
 70
1
 10
656.95
 20
290.0
 10
656.95
 20
272.0
 10
663.05
 20
272.0
 10
663.05
 20
290.0
 10
656.95
 20
290.0
  0
LWPOLYLINE
  5
43
330
17
100
AcDbEntity
  8
CUT
100
AcDbPolyline
 90
77
 70
1
 10
825.0
 20
185.0
 10
803.0
 20
185.0
 10
803.0
 20
191.1
 10
781.0
 20
191.1
 10
781.0
 20
185.0
 10
749.0
 20
185.0
 10
749.0
 20
191.1
 10
727.0
 20
191.1
 10
727.0
 20
185.0
 10
705.0
 20
185.0
 10
705.0
 20
190.95
 10
713.0
 20
190.95
 10
713.0
 20
197.05
 10
705.0
 20
197.05
 10
705.0
 20
208.95
 10
713.0
 20
208.95
 10
713.0
 20
215.05
 10
705.0
 20
215.05
 10
705.0
 20
226.95
 10
713.0
 20
226.95
 10
713.0
 20
233.05
 10
705.0
 20
233.05
 10
705.0
 20
244.95
 10
713.0
 20
244.95
 10
713.0
 20
251.05
 10
705.0
 20
251.05
 10
705.0
 20
262.95
 10
713.0
 20
262.95
 10
713.0
 20
269.05
 10
705.0
 20
269.05
 10
705.0
 20
280.95
 10
713.0
 20
280.95
 10
713.0
 20
287.05
 10
705.0
 20
287.05
 10
705.0
 20
298.95
 10
713.0
 20
298.95
 10
713.0
 20
305.05
 10
705.0
 20
305.05
 10
705.0
 20
316.95
 10
713.0
 20
316.95
 10
713.0
 20
323.05
 10
705.0
 20
323.05
 10
705.0
 20
329.0
 10
825.0
 20
329.0
 10
825.0
 20
323.05
 10
817.0
 20
323.05
 10
817.0
 20
316.95
 10
825.0
 20
316.95
 10
825.0
 20
305.05
 10
817.0
 20
305.05
 10
817.0
 20
298.95
 10
825.0
 20
298.95
 10
825.0
 20
287.05
 10
817.0
 20
287.05
 10
817.0
 20
280.95
 10
825.0
 20
280.95
 10
825.0
 20
269.05
 10
817.0
 20
269.05
 10
817.0
 20
262.95
 10
825.0
 20
262.95
 10
825.0
 20
251.05
 10
817.0
 20
251.05
 10
817.0
 20
244.95
 10
825.0
 20
244.95
 10
825.0
 20
233.05
 10
817.0
 20
233.05
 10
817.0
 20
226.95
 10
825.0
 20
226.95
 10
825.0
 20
215.05
 10
817.0
 20
215.05
 10
817.0
 20
208.95
 10
825.0
 20
208.95
 10
825.0
 20
197.05
 10
817.0
 20
197.05
 10
817.0
 20
190.95
 10
825.0
 20
190.95
 10
825.0
 20
185.0
  0
LWPOLYLINE
  5
44
330
17
100
AcDbEntity
  8
CUT
100
AcDbPolyline
 90
77
 70
1
 10
825.0
 20
335.0
 10
803.0
 20
335.0
 10
803.0
 20
341.1
 10
781.0
 20
341.1
 10
781.0
 20
335.0
 10
749.0
 20
335.0
 10
749.0
 20
341.1
 10
727.0
 20
341.1
 10
727.0
 20
335.0
 10
705.0
 20
335.0
 10
705.0
 20
340.95
 10
713.0
 20
340.95
 10
713.0
 20
347.05
 10
705.0
 20
347.05
 10
705.0
 20
358.95
 10
713.0
 20
358.95
 10
713.0
 20
365.05
 10
705.0
 20
365.05
 10
705.0
 20
376.95
 10
713.0
 20
376.95
 10
713.0
 20
383.05
 10
705.0
 20
383.05
 10
705.0
 20
394.95
 10
713.0
 20
394.95
 10
713.0
 20
401.05
 10
705.0
 20
401.05
 10
705.0
 20
412.95
 10
713.0
 20
412.95
 10
713.0
 20
419.05
 10
705.0
 20
419.05
 10
705.0
 20
430.95
 10
713.0
 20
430.95
 10
713.0
 20
437.05
 10
705.0
 20
437.05
 10
705.0
 20
448.95
 10
713.0
 20
448.95
 10
713.0
 20
455.05
 10
705.0
 20
455.05
 10
705.0
 20
466.95
 10
713.0
 20
466.95
 10
713.0
 20
473.05
 10
705.0
 20
473.05
 10
705.0
 20
479.0
 10
825.0
 20
479.0
 10
825.0
 20
473.05
 10
817.0
 20
473.05
 10
817.0
 20
466.95
 10
825.0
 20
466.95
 10
825.0
 20
455.05
 10
817.0
 20
455.05
 10
817.0
 20
448.95
 10
825.0
 20
448.95
 10
825.0
 20
437.05
 10
817.0
 20
437.05
 10
817.0
 20
430.95
 10
825.0
 20
430.95
 10
825.0
 20
419.05
 10
817.0
 20
419.05
 10
817.0
 20
412.95
 10
825.0
 20
412.95
 10
825.0
 20
401.05
 10
817.0
 20
401.05
 10
817.0
 20
394.95
 10
825.0
 20
394.95
 10
825.0
 20
383.05
 10
817.0
 20
383.05
 10
817.0
 20
376.95
 10
825.0
 20
376.95
 10
825.0
 20
365.05
 10
817.0
 20
365.05
 10
817.0
 20
358.95
 10
825.0
 20
358.95
 10
825.0
 20
347.05
 10
817.0
 20
347.05
 10
817.0
 20
340.95
 10
825.0
 20
340.95
 10
825.0
 20
335.0
  0
LWPOLYLINE
  5
45
330
17
100
AcDbEntity
  8
CUT
100
AcDbPolyline
 90
78
 70
1
 10
498.0
 20
319.0
 10
480.0
 20
319.0
 10
480.0
 20
325.0
 10
460.0
 20
325.0
 10
460.0
 20
361.0
 10
480.0
 20
361.0
 10
481.328125
 20
359.646484375
 10
482.65625
 20
358.3359375
 10
483.984375
 20
357.068359375
 10
485.3125
 20
355.84375
 10
486.640625
 20
354.662109375
 10
487.96875
 20
353.5234375
 10
489.296875
 20
352.427734375
 10
490.625
 20
351.375
 10
491.953125
 20
350.365234375
 10
493.28125
 20
349.3984375
 10
494.609375
 20
348.474609375
 10
495.9375
 20
347.59375
 10
497.265625
 20
346.755859375
 10
498.59375
 20
345.9609375
 10
499.921875
 20
345.208984375
 10
501.25
 20
344.5
 10
502.578125
 20
343.833984375
 10
503.90625
 20
343.2109375
 10
505.234375
 20
342.630859375
 10
506.5625
 20
342.09375
 10
507.890625
 20
341.599609375
 10
509.21875
 20
341.1484375
 10
510.546875
 20
340.740234375
 10
511.875
 20
340.375
 10
513.203125
 20
340.052734375
 10
514.53125
 20
339.7734375
 10
515.859375
 20
339.537109375
 10
517.1875
 20
339.34375
 10
518.515625
 20
339.193359375
 10
519.84375
 20
339.0859375
 10
521.171875
 20
339.021484375
 10
522.5
 20
339.0
 10
523.828125
 20
339.021484375
 10
525.15625
 20
339.0859375
 10
526.484375
 20
339.193359375
 10
527.8125
 20
339.34375
 10
529.140625
 20
339.537109375
 10
530.46875
 20
339.7734375
 10
531.796875
 20
340.052734375
 10
533.125
 20
340.375
 10
534.453125
 20
340.740234375
 10
535.78125
 20
341.1484375
 10
537.109375
 20
341.599609375
 10
538.4375
 20
342.09375
 10
539.765625
 20
342.630859375
 10
541.09375
 20
343.2109375
 10
542.421875
 20
343.833984375
 10
543.75
 20
344.5
 10
545.078125
 20
345.208984375
 10
546.40625
 20
345.9609375
 10
547.734375
 20
346.755859375
 10
549.0625
 20
347.59375
 10
550.390625
 20
348.474609375
 10
551.71875
 20
349.3984375
 10
553.046875
 20
350.365234375
 10
554.375
 20
351.375
 10
555.703125
 20
352.427734375
 10
557.03125
 20
353.5234375
 10
558.359375
 20
354.662109375
 10
559.6875
 20
355.84375
 10
561.015625
 20
357.068359375
 10
562.34375
 20
358.3359375
 10
563.671875
 20
359.646484375
 10
565.0
 20
361.0
 10
585.0
 20
361.0
 10
585.0
 20
325.0
 10
565.0
 20
325.0
 10
565.0
 20
319.0
 10
547.0
 20
319.0
 10
547.0
 20
325.0
 10
498.0
 20
325.0
 10
498.0
 20
319.0
  0
LWPOLYLINE
  5
46
330
17
100
AcDbEntity
  8
CUT
100
AcDbPolyline
 90
78
 70
1
 10
638.0
 20
319.0
 10
620.0
 20
319.0
 10
620.0
 20
325.0
 10
600.0
 20
325.0
 10
600.0
 20
361.0
 10
620.0
 20
361.0
 10
621.328125
 20
359.646484375
 10
622.65625
 20
358.3359375
 10
623.984375
 20
357.068359375
 10
625.3125
 20
355.84375
 10
626.640625
 20
354.662109375
 10
627.96875
 20
353.5234375
 10
629.296875
 20
352.427734375
 10
630.625
 20
351.375
 10
631.953125
 20
350.365234375
 10
633.28125
 20
349.3984375
 10
634.609375
 20
348.474609375
 10
635.9375
 20
347.59375
 10
637.265625
 20
346.755859375
 10
638.59375
 20
345.9609375
 10
639.921875
 20
345.208984375
 10
641.25
 20
344.5
 10
642.578125
 20
343.833984375
 10
643.90625
 20
343.2109375
 10
645.234375
 20
342.630859375
 10
646.5625
 20
342.09375
 10
647.890625
 20
341.599609375
 10
649.21875
 20
341.1484375
 10
650.546875
 20
340.740234375
 10
651.875
 20
340.375
 10
653.203125
 20
340.052734375
 10
654.53125
 20
339.7734375
 10
655.859375
 20
339.537109375
 10
657.1875
 20
339.34375
 10
658.515625
 20
339.193359375
 10
659.84375
 20
339.0859375
 10
661.171875
 20
339.021484375
 10
662.5
 20
339.0
 10
663.828125
 20
339.021484375
 10
665.15625
 20
339.0859375
 10
666.484375
 20
339.193359375
 10
667.8125
 20
339.34375
 10
669.140625
 20
339.537109375
 10
670.46875
 20
339.7734375
 10
671.796875
 20
340.052734375
 10
673.125
 20
340.375
 10
674.453125
 20
340.740234375
 10
675.78125
 20
341.1484375
 10
677.109375
 20
341.599609375
 10
678.4375
 20
342.09375
 10
679.765625
 20
342.630859375
 10
681.09375
 20
343.2109375
 10
682.421875
 20
343.833984375
 10
683.75
 20
344.5
 10
685.078125
 20
345.208984375
 10
686.40625
 20
345.9609375
 10
687.734375
 20
346.755859375
 10
689.0625
 20
347.59375
 10
690.390625
 20
348.474609375
 10
691.71875
 20
349.3984375
 10
693.046875
 20
350.365234375
 10
694.375
 20
351.375
 10
695.703125
 20
352.427734375
 10
697.03125
 20
353.5234375
 10
698.359375
 20
354.662109375
 10
699.6875
 20
355.84375
 10
701.015625
 20
357.068359375
 10
702.34375
 20
358.3359375
 10
703.671875
 20
359.646484375
 10
705.0
 20
361.0
 10
725.0
 20
361.0
 10
725.0
 20
325.0
 10
705.0
 20
325.0
 10
705.0
 20
319.0
 10
687.0
 20
319.0
 10
687.0
 20
325.0
 10
638.0
 20
325.0
 10
638.0
 20
319.0
  0
LWPOLYLINE
  5
47
330
17
100
AcDbEntity
  8
CUT
100
AcDbPolyline
 90
78
 70
1
 10
498.0
 20
369.0
 10
480.0
 20
369.0
 10
480.0
 20
375.0
 10
460.0
 20
375.0
 10
460.0
 20
411.0
 10
480.0
 20
411.0
 10
481.328125
 20
409.892578125
 10
482.65625
 20
408.8203125
 10
483.984375
 20
407.783203125
 10
485.3125
 20
406.78125
 10
486.640625
 20
405.814453125
 10
487.96875
 20
404.8828125
 10
489.296875
 20
403.986328125
 10
490.625
 20
403.125
 10
491.953125
 20
402.298828125
 10
493.28125
 20
401.5078125
 10
494.609375
 20
400.751953125
 10
495.9375
 20
400.03125
 10
497.265625
 20
399.345703125
 10
498.59375
 20
398.6953125
 10
499.921875
 20
398.080078125
 10
501.25
 20
397.5
 10
502.578125
 20
396.955078125
 10
503.90625
 20
396.4453125
 10
505.234375
 20
395.970703125
 10
506.5625
 20
395.53125
 10
507.890625
 20
395.126953125
 10
509.21875
 20
394.7578125
 10
510.546875
 20
394.423828125
 10
511.875
 20
394.125
 10
513.203125
 20
393.861328125
 10
514.53125
 20
393.6328125
 10
515.859375
 20
393.439453125
 10
517.1875
 20
393.28125
 10
518.515625
 20
393.158203125
 10
519.84375
 20
393.0703125
 10
521.171875
 20
393.017578125
 10
522.5
 20
393.0
 10
523.828125
 20
393.017578125
 10
525.15625
 20
393.0703125
 10
526.484375
 20
393.158203125
 10
527.8125
 20
393.28125
 10
529.140625
 20
393.439453125
 10
530.46875
 20
393.6328125
 10
531.796875
 20
393.861328125
 10
533.125
 20
394.125
 10
534.453125
 20
394.423828125
 10
535.78125
 20
394.7578125
 10
537.109375
 20
395.126953125
 10
538.4375
 20
395.53125
 10
539.765625
 20
395.970703125
 10
541.09375
 20
396.4453125
 10
542.421875
 20
396.955078125
 10
543.75
 20
397.5
 10
545.078125
 20
398.080078125
 10
546.40625
 20
398.6953125
 10
547.734375
 20
399.345703125
 10
549.0625
 20
400.03125
 10
550.390625
 20
400.751953125
 10
551.71875
 20
401.5078125
 10
553.046875
 20
402.298828125
 10
554.375
 20
403.125
 10
555.703125
 20
403.986328125
 10
557.03125
 20
404.8828125
 10
558.359375
 20
405.814453125
 10
559.6875
 20
406.78125
 10
561.015625
 20
407.783203125
 10
562.34375
 20
408.8203125
 10
563.671875
 20
409.892578125
 10
565.0
 20
411.0
 10
585.0
 20
411.0
 10
585.0
 20
375.0
 10
565.0
 20
375.0
 10
565.0
 20
369.0
 10
547.0
 20
369.0
 10
547.0
 20
375.0
 10
498.0
 20
375.0
 10
498.0
 20
369.0
  0
LWPOLYLINE
  5
48
330
17
100
AcDbEntity
  8
CUT
100
AcDbPolyline
 90
239
 70
1
 10
600.0
 20
380.0
 10
600.0
 20
394.0
 10
605.0
 20
394.0
 10
608.0
 20
398.0
 10
608.1916406006985
 20
398.2555208009313
 10
608.0874017928005
 20
398.3857630706453
 10
607.9759435138951
 20
398.53225521630674
 10
607.8681139013631
 20
398.68143856436615
 10
607.7639779077309
 20
398.833223252353
 10
607.6635982606272
 20
398.98751785084676
 10
607.5670354249979
 20
399.1442294185508
 10
607.4743475666846
 20
399.3032635582766
 10
607.3855905173873
 20
399.464524473805
 10
607.3008177410336
 20
399.62791502759046
 10
607.2200803015742
 20
399.7933367992729
 10
607.1434268322236
 20
399.9606901449626
 10
607.0709035061653
 20
400.1298742572618
 10
607.0025540087395
 20
400.30078722598756
 10
606.9384195111273
 20
400.47332609955834
 10
606.8785386455522
 20
400.64738694700833
 10
606.8229474820084
 20
400.82286492059154
 10
606.7716795065342
 20
400.99965431893827
 10
606.7247656010409
 20
401.17764865072553
 10
606.6822340247111
 20
401.3567406988235
 10
606.6441103969757
 20
401.536822584879
 10
606.6104176820829
 20
401.71778583429773
 10
606.5811761752641
 20
401.8995214415848
 10
606.5564034905096
 20
402.0819199360059
 10
606.5361145499585
 20
402.2648714475283
 10
606.5203215749099
 20
402.4482657730025
 10
606.5090340784612
 20
402.63199244254434
 10
606.5022588597785
 20
402.81594078607816
 10
606.5
 20
403.0
 10
606.5022588597785
 20
403.18405921392184
 10
606.5090340784612
 20
403.36800755745566
 10
606.5203215749099
 20
403.5517342269975
 10
606.5361145499585
 20
403.7351285524717
 10
606.5564034905096
 20
403.9180800639941
 10
606.5811761752641
 20
404.1004785584152
 10
606.6104176820829
 20
404.28221416570227
 10
606.6441103969757
 20
404.463177415121
 10
606.6822340247111
 20
404.6432593011765
 10
606.7247656010409
 20
404.82235134927447
 10
606.7716795065342
 20
405.00034568106173
 10
606.8229474820084
 20
405.17713507940846
 10
606.8785386455522
 20
405.35261305299167
 10
606.9384195111273
 20
405.52667390044166
 10
607.0025540087395
 20
405.6992127740124
 10
607.0709035061653
 20
405.8701257427382
 10
607.1434268322236
 20
406.0393098550374
 10
607.2200803015742
 20
406.2066632007271
 10
607.3008177410336
 20
406.37208497240954
 10
607.3855905173873
 20
406.535475526195
 10
607.4743475666846
 20
406.6967364417234
 10
607.5670354249979
 20
406.8557705814492
 10
607.6635982606272
 20
407.01248214915324
 10
607.7639779077309
 20
407.166776747647
 10
607.8681139013631
 20
407.31856143563385
 10
607.9759435138951
 20
407.46774478369326
 10
608.0874017928005
 20
407.6142369293547
 10
608.2024215997794
 20
407.75794963122735
 10
608.3209336512014
 20
407.8987963221533
 10
608.4428665598379
 20
408.0366921613526
 10
608.568146877864
 20
408.171554085528
 10
608.6966991411009
 20
408.3033008588991
 10
608.828445914472
 20
408.431853122136
 10
608.9633078386473
 20
408.5571334401622
 10
609.1012036778467
 20
408.67906634879864
 10
609.2420503687727
 20
408.7975784002205
 10
609.3857630706453
 20
408.91259820719955
 10
609.5322552163068
 20
409.0240564861048
 10
609.6814385643662
 20
409.13188609863687
 10
609.833223252353
 20
409.2360220922691
 10
609.9875178508468
 20
409.33640173937283
 10
610.1442294185508
 20
409.432964575002
 10
610.3032635582766
 20
409.5256524333153
 10
610.464524473805
 20
409.61440948261264
 10
610.6279150275905
 20
409.69918225896635
 10
610.7933367992729
 20
409.77991969842583
 10
610.9606901449625
 20
409.8565731677765
 10
611.1298742572618
 20
409.92909649383466
 10
611.3007872259876
 20
409.9974459912605
 10
611.4733260995583
 20
410.06158048887266
 10
611.6473869470083
 20
410.1214613544478
 10
611.8228649205915
 20
410.17705251799157
 10
611.9996543189383
 20
410.2283204934658
 10
612.1776486507255
 20
410.27523439895907
 10
612.3567406988235
 20
410.317765975289
 10
612.536822584879
 20
410.35588960302425
 10
612.7177858342977
 20
410.3895823179171
 10
612.8995214415847
 20
410.41882382473585
 10
613.0819199360059
 20
410.4435965094903
 10
613.2648714475283
 20
410.46388545004146
 10
613.4482657730025
 20
410.4796784250902
 10
613.6319924425444
 20
410.4909659215388
 10
613.8159407860782
 20
410.49774114022154
 10
614.0
 20
410.5
 10
614.1840592139218
 20
410.49774114022154
 10
614.3680075574556
 20
410.4909659215388
 10
614.5517342269975
 20
410.4796784250902
 10
614.7351285524717
 20
410.46388545004146
 10
614.9180800639941
 20
410.4435965094903
 10
615.1004785584153
 20
410.41882382473585
 10
615.2822141657023
 20
410.3895823179171
 10
615.463177415121
 20
410.35588960302425
 10
615.6432593011765
 20
410.317765975289
 10
615.8223513492745
 20
410.27523439895907
 10
616.0003456810617
 20
410.2283204934658
 10
616.1771350794085
 20
410.17705251799157
 10
616.3526130529917
 20
410.1214613544478
 10
616.5266739004417
 20
410.06158048887266
 10
616.6992127740124
 20
409.9974459912605
 10
616.8701257427382
 20
409.92909649383466
 10
617.0393098550375
 20
409.8565731677765
 10
617.2066632007271
 20
409.77991969842583
 10
617.3720849724095
 20
409.69918225896635
 10
617.535475526195
 20
409.61440948261264
 10
617.6967364417234
 20
409.5256524333153
 10
617.8557705814492
 20
409.432964575002
 10
618.0124821491532
 20
409.33640173937283
 10
618.166776747647
 20
409.2360220922691
 10
618.3185614356338
 20
409.13188609863687
 10
618.4677447836932
 20
409.0240564861048
 10
618.6142369293547
 20
408.91259820719955
 10
618.7579496312273
 20
408.7975784002205
 10
618.8987963221533
 20
408.67906634879864
 10
619.0366921613527
 20
408.5571334401622
 10
619.171554085528
 20
408.431853122136
 10
619.3033008588991
 20
408.3033008588991
 10
619.431853122136
 20
408.171554085528
 10
619.5571334401621
 20
408.0366921613526
 10
619.6790663487986
 20
407.8987963221533
 10
619.7975784002206
 20
407.75794963122735
 10
619.9125982071995
 20
407.6142369293547
 10
620.0240564861049
 20
407.46774478369326
 10
620.1318860986369
 20
407.31856143563385
 10
620.2360220922691
 20
407.166776747647
 10
620.3364017393728
 20
407.01248214915324
 10
620.4329645750021
 20
406.8557705814492
 10
620.5256524333154
 20
406.6967364417234
 10
620.6144094826127
 20
406.535475526195
 10
620.6991822589664
 20
406.37208497240954
 10
620.7799196984258
 20
406.2066632007271
 10
620.8565731677764
 20
406.0393098550374
 10
620.9290964938347
 20
405.8701257427382
 10
620.9974459912605
 20
405.6992127740124
 10
621.0615804888727
 20
405.52667390044166
 10
621.1214613544478
 20
405.35261305299167
 10
621.1770525179916
 20
405.17713507940846
 10
621.2283204934658
 20
405.00034568106173
 10
621.2752343989591
 20
404.82235134927447
 10
621.3177659752889
 20
404.6432593011765
 10
621.3558896030243
 20
404.463177415121
 10
621.3895823179171
 20
404.28221416570227
 10
621.4188238247359
 20
404.1004785584152
 10
621.4435965094904
 20
403.9180800639941
 10
621.4638854500415
 20
403.7351285524717
 10
621.4796784250901
 20
403.5517342269975
 10
621.4909659215388
 20
403.36800755745566
 10
621.4977411402215
 20
403.18405921392184
 10
621.5
 20
403.0
 10
621.4977411402215
 20
402.81594078607816
 10
621.4909659215388
 20
402.63199244254434
 10
621.4796784250901
 20
402.4482657730025
 10
621.4638854500415
 20
402.2648714475283
 10
621.4435965094904
 20
402.0819199360059
 10
621.4188238247359
 20
401.8995214415848
 10
621.3895823179171
 20
401.71778583429773
 10
621.3558896030243
 20
401.536822584879
 10
621.3177659752889
 20
401.3567406988235
 10
621.2752343989591
 20
401.17764865072553
 10
621.2283204934658
 20
400.99965431893827
 10
621.1770525179916
 20
400.82286492059154
 10
621.1214613544478
 20
400.64738694700833
 10
621.0615804888727
 20
400.47332609955834
 10
620.9974459912605
 20
400.3007872259876
 10
620.9290964938347
 20
400.1298742572618
 10
620.8565731677764
 20
399.9606901449626
 10
620.7799196984258
 20
399.7933367992729
 10
620.6991822589664
 20
399.62791502759046
 10
620.6144094826127
 20
399.464524473805
 10
620.5256524333154
 20
399.3032635582766
 10
620.4329645750021
 20
399.1442294185508
 10
620.3364017393728
 20
398.98751785084676
 10
620.2360220922691
 20
398.833223252353
 10
620.1318860986369
 20
398.68143856436615
 10
620.0240564861049
 20
398.53225521630674
 10
619.9125982071995
 20
398.3857630706453
 10
619.7975784002206
 20
398.24205036877265
 10
619.6790663487986
 20
398.1012036778467
 10
619.5571334401621
 20
397.9633078386474
 10
619.431853122136
 20
397.828445914472
 10
619.3033008588991
 20
397.6966991411009
 10
619.171554085528
 20
397.568146877864
 10
619.0366921613527
 20
397.4428665598378
 10
618.8987963221533
 20
397.32093365120136
 10
618.7579496312273
 20
397.2024215997795
 10
618.6142369293547
 20
397.08740179280045
 10
618.4677447836932
 20
396.9759435138952
 10
618.3185614356338
 20
396.86811390136313
 10
618.166776747647
 20
396.7639779077309
 10
618.0124821491532
 20
396.66359826062717
 10
617.8557705814492
 20
396.567035424998
 10
617.6967364417234
 20
396.4743475666847
 10
617.535475526195
 20
396.38559051738736
 10
617.3720849724095
 20
396.30081774103365
 10
617.2066632007271
 20
396.22008030157417
 10
617.0393098550375
 20
396.1434268322235
 10
616.8701257427382
 20
396.07090350616534
 10
616.6992127740124
 20
396.0025540087395
 10
616.5266739004417
 20
395.93841951112734
 10
616.3526130529917
 20
395.8785386455522
 10
616.1771350794085
 20
395.82294748200843
 10
616.0003456810617
 20
395.7716795065342
 10
615.8223513492745
 20
395.72476560104093
 10
615.6432593011765
 20
395.682234024711
 10
615.463177415121
 20
395.64411039697575
 10
615.2822141657023
 20
395.6104176820829
 10
615.1004785584153
 20
395.58117617526415
 10
614.9180800639941
 20
395.5564034905097
 10
614.7351285524717
 20
395.53611454995854
 10
614.5517342269975
 20
395.5203215749098
 10
614.3680075574556
 20
395.5090340784612
 10
614.1840592139218
 20
395.50225885977846
 10
614.0
 20
395.5
 10
613.8159407860782
 20
395.50225885977846
 10
613.6319924425444
 20
395.5090340784612
 10
613.4482657730025
 20
395.5203215749098
 10
613.2648714475283
 20
395.53611454995854
 10
613.0819199360059
 20
395.5564034905097
 10
612.8995214415847
 20
395.58117617526415
 10
612.7177858342977
 20
395.6104176820829
 10
612.536822584879
 20
395.64411039697575
 10
612.3567406988235
 20
395.682234024711
 10
612.276047969749
 20
395.70139729299876
 10
608.0
 20
390.0
 10
606.0
 20
390.0
 10
606.0
 20
380.0
 10
600.0
 20
380.0
  0
LWPOLYLINE
  5
49
330
17
100
AcDbEntity
  8
CUT
100
AcDbPolyline
 90
257
 70
1
 10
617.1990362198278
 20
403.07853193127335
 10
617.1961454598566
 20
403.1570165578477
 10
617.1913294613718
 20
403.2354066035189
 10
617.1845911253511
 20
403.3136548490546
 10
617.1759345107158
 20
403.3917141606375
 10
617.1653648318872
 20
403.46953751825714
 10
617.1528884556446
 20
403.54707804403296
 10
617.1385128972903
 20
403.6242890304516
 10
617.1222468161233
 20
403.701123968502
 10
617.1041000102225
 20
403.7775365756904
 10
617.0840834105454
 20
403.85348082391965
 10
617.0622090743431
 20
403.9289109672143
 10
617.0384901778978
 20
404.00378156927644
 10
617.0129410085857
 20
404.0780475308551
 10
616.9855769562712
 20
404.15166411691195
 10
616.9564145040362
 20
404.2245869835683
 10
616.9254712182513
 20
404.29677220481597
 10
616.892765737995
 20
404.3681762989769
 10
616.8583177638257
 20
404.43875625489477
 10
616.8221480459148
 20
404.50846955784317
 10
616.7842783715479
 20
404.57727421513533
 10
616.7447315520009
 20
404.6451287814183
 10
616.7035314087991
 20
404.7119923836387
 10
616.6607027593682
 20
404.7778247456627
 10
616.6162714020851
 20
404.8425862125371
 10
616.5702641007381
 20
404.90623777437577
 10
616.5227085684052
 20
404.968741089858
 10
616.4736334507608
 20
405.0300585093237
 10
616.4230683088208
 20
405.0901530974521
 10
616.3710436011359
 20
405.14898865551044
 10
616.3175906654446
 20
405.2065297431586
 10
616.262741699797
 20
405.26274169979695
 10
616.2065297431586
 20
405.3175906654447
 10
616.1489886555105
 20
405.37104360113585
 10
616.0901530974521
 20
405.42306830882075
 10
616.0300585093237
 20
405.47363345076076
 10
615.968741089858
 20
405.52270856840516
 10
615.9062377743758
 20
405.5702641007381
 10
615.8425862125371
 20
405.6162714020851
 10
615.7778247456628
 20
405.6607027593681
 10
615.7119923836387
 20
405.70353140879905
 10
615.6451287814183
 20
405.74473155200087
 10
615.5772742151353
 20
405.7842783715479
 10
615.5084695578432
 20
405.82214804591473
 10
615.4387562548948
 20
405.85831776382565
 10
615.3681762989769
 20
405.89276573799503
 10
615.296772204816
 20
405.9254712182513
 10
615.2245869835683
 20
405.9564145040361
 10
615.151664116912
 20
405.9855769562712
 10
615.0780475308551
 20
406.01294100858564
 10
615.0037815692765
 20
406.0384901778977
 10
614.9289109672143
 20
406.06220907434306
 10
614.8534808239197
 20
406.0840834105454
 10
614.7775365756904
 20
406.10410001022257
 10
614.701123968502
 20
406.12224681612327
 10
614.6242890304516
 20
406.13851289729035
 10
614.547078044033
 20
406.1528884556446
 10
614.4695375182572
 20
406.1653648318873
 10
614.3917141606374
 20
406.1759345107159
 10
614.3136548490546
 20
406.184591125351
 10
614.235406603519
 20
406.1913294613718
 10
614.1570165578478
 20
406.19614545985655
 10
614.0785319312733
 20
406.19903621982786
 10
614.0
 20
406.2
 10
613.9214680687267
 20
406.19903621982786
 10
613.8429834421522
 20
406.19614545985655
 10
613.764593396481
 20
406.1913294613718
 10
613.6863451509454
 20
406.184591125351
 10
613.6082858393625
 20
406.1759345107159
 10
613.5304624817428
 20
406.1653648318873
 10
613.452921955967
 20
406.1528884556446
 10
613.3757109695484
 20
406.13851289729035
 10
613.298876031498
 20
406.12224681612327
 10
613.2224634243096
 20
406.10410001022257
 10
613.1465191760803
 20
406.0840834105454
 10
613.0710890327857
 20
406.06220907434306
 10
612.9962184307235
 20
406.0384901778977
 10
612.9219524691449
 20
406.01294100858564
 10
612.848335883088
 20
405.9855769562712
 10
612.7754130164317
 20
405.9564145040361
 10
612.703227795184
 20
405.9254712182513
 10
612.6318237010231
 20
405.89276573799503
 10
612.5612437451052
 20
405.85831776382565
 10
612.4915304421568
 20
405.82214804591473
 10
612.4227257848647
 20
405.7842783715479
 10
612.3548712185817
 20
405.74473155200087
 10
612.2880076163613
 20
405.70353140879905
 10
612.2221752543372
 20
405.6607027593681
 10
612.1574137874629
 20
405.6162714020851
 10
612.0937622256242
 20
405.5702641007381
 10
612.031258910142
 20
405.52270856840516
 10
611.9699414906763
 20
405.47363345076076
 10
611.9098469025479
 20
405.42306830882075
 10
611.8510113444895
 20
405.37104360113585
 10
611.7934702568414
 20
405.3175906654447
 10
611.737258300203
 20
405.26274169979695
 10
611.6824093345554
 20
405.2065297431586
 10
611.6289563988641
 20
405.14898865551044
 10
611.5769316911792
 20
405.09015309745206
 10
611.5263665492392
 20
405.0300585093237
 10
611.4772914315948
 20
404.968741089858
 10
611.4297358992619
 20
404.90623777437577
 10
611.3837285979149
 20
404.8425862125371
 10
611.3392972406318
 20
404.7778247456627
 10
611.2964685912009
 20
404.7119923836387
 10
611.2552684479991
 20
404.6451287814183
 10
611.2157216284521
 20
404.57727421513533
 10
611.1778519540852
 20
404.50846955784317
 10
611.1416822361743
 20
404.43875625489477
 10
611.107234262005
 20
404.3681762989769
 10
611.0745287817487
 20
404.29677220481597
 10
611.0435854959638
 20
404.2245869835683
 10
611.0144230437288
 20
404.15166411691195
 10
610.9870589914143
 20
404.0780475308551
 10
610.9615098221022
 20
404.00378156927644
 10
610.9377909256569
 20
403.9289109672143
 10
610.9159165894546
 20
403.85348082391965
 10
610.8958999897775
 20
403.7775365756904
 10
610.8777531838767
 20
403.701123968502
 10
610.8614871027097
 20
403.6242890304516
 10
610.8471115443554
 20
403.54707804403296
 10
610.8346351681128
 20
403.46953751825714
 10
610.8240654892842
 20
403.3917141606375
 10
610.8154088746489
 20
403.3136548490546
 10
610.8086705386282
 20
403.2354066035189
 10
610.8038545401434
 20
403.1570165578477
 10
610.8009637801722
 20
403.07853193127335
 10
610.8
 20
403.0
 10
610.8009637801722
 20
402.92146806872665
 10
610.8038545401434
 20
402.8429834421523
 10
610.8086705386282
 20
402.7645933964811
 10
610.8154088746489
 20
402.6863451509454
 10
610.8240654892842
 20
402.6082858393625
 10
610.8346351681128
 20
402.53046248174286
 10
610.8471115443554
 20
402.45292195596704
 10
610.8614871027097
 20
402.3757109695484
 10
610.8777531838767
 20
402.298876031498
 10
610.8958999897775
 20
402.2224634243096
 10
610.9159165894546
 20
402.14651917608035
 10
610.9377909256569
 20
402.0710890327857
 10
610.9615098221022
 20
401.99621843072356
 10
610.9870589914143
 20
401.9219524691449
 10
611.0144230437288
 20
401.84833588308805
 10
611.0435854959638
 20
401.7754130164317
 10
611.0745287817487
 20
401.70322779518403
 10
611.107234262005
 20
401.6318237010231
 10
611.1416822361743
 20
401.56124374510523
 10
611.1778519540852
 20
401.49153044215683
 10
611.2157216284521
 20
401.42272578486467
 10
611.2552684479991
 20
401.3548712185817
 10
611.2964685912009
 20
401.2880076163613
 10
611.3392972406318
 20
401.2221752543373
 10
611.3837285979149
 20
401.1574137874629
 10
611.4297358992619
 20
401.09376222562423
 10
611.4772914315948
 20
401.031258910142
 10
611.5263665492392
 20
400.9699414906763
 10
611.5769316911792
 20
400.90984690254794
 10
611.6289563988641
 20
400.85101134448956
 10
611.6824093345554
 20
400.7934702568414
 10
611.737258300203
 20
400.73725830020305
 10
611.7934702568414
 20
400.6824093345553
 10
611.8510113444895
 20
400.62895639886415
 10
611.9098469025479
 20
400.57693169117925
 10
611.9699414906763
 20
400.52636654923924
 10
612.031258910142
 20
400.47729143159484
 10
612.0937622256242
 20
400.4297358992619
 10
612.1574137874629
 20
400.3837285979149
 10
612.2221752543372
 20
400.3392972406319
 10
612.2880076163613
 20
400.29646859120095
 10
612.3548712185817
 20
400.25526844799913
 10
612.4227257848647
 20
400.2157216284521
 10
612.4915304421568
 20
400.17785195408527
 10
612.5612437451052
 20
400.14168223617435
 10
612.6318237010231
 20
400.10723426200497
 10
612.703227795184
 20
400.0745287817487
 10
612.7754130164317
 20
400.0435854959639
 10
612.848335883088
 20
400.0144230437288
 10
612.9219524691449
 20
399.98705899141436
 10
612.9962184307235
 20
399.9615098221023
 10
613.0710890327857
 20
399.93779092565694
 10
613.1465191760803
 20
399.9159165894546
 10
613.2224634243096
 20
399.89589998977743
 10
613.298876031498
 20
399.87775318387673
 10
613.3757109695484
 20
399.86148710270965
 10
613.452921955967
 20
399.8471115443554
 10
613.5304624817428
 20
399.8346351681127
 10
613.6082858393625
 20
399.8240654892841
 10
613.6863451509454
 20
399.815408874649
 10
613.764593396481
 20
399.8086705386282
 10
613.8429834421522
 20
399.80385454014345
 10
613.9214680687267
 20
399.80096378017214
 10
614.0
 20
399.8
 10
614.0785319312733
 20
399.80096378017214
 10
614.1570165578478
 20
399.80385454014345
 10
614.235406603519
 20
399.8086705386282
 10
614.3136548490546
 20
399.815408874649
 10
614.3917141606375
 20
399.8240654892841
 10
614.4695375182572
 20
399.8346351681127
 10
614.547078044033
 20
399.8471115443554
 10
614.6242890304516
 20
399.86148710270965
 10
614.701123968502
 20
399.87775318387673
 10
614.7775365756904
 20
399.89589998977743
 10
614.8534808239197
 20
399.9159165894546
 10
614.9289109672143
 20
399.93779092565694
 10
615.0037815692765
 20
399.9615098221023
 10
615.0780475308551
 20
399.98705899141436
 10
615.151664116912
 20
400.0144230437288
 10
615.2245869835683
 20
400.0435854959639
 10
615.296772204816
 20
400.0745287817487
 10
615.3681762989769
 20
400.10723426200497
 10
615.4387562548948
 20
400.14168223617435
 10
615.5084695578432
 20
400.17785195408527
 10
615.5772742151353
 20
400.2157216284521
 10
615.6451287814183
 20
400.25526844799913
 10
615.7119923836387
 20
400.29646859120095
 10
615.7778247456628
 20
400.3392972406319
 10
615.8425862125371
 20
400.3837285979149
 10
615.9062377743758
 20
400.4297358992619
 10
615.968741089858
 20
400.47729143159484
 10
616.0300585093237
 20
400.52636654923924
 10
616.0901530974521
 20
400.57693169117925
 10
616.1489886555105
 20
400.62895639886415
 10
616.2065297431586
 20
400.6824093345553
 10
616.262741699797
 20
400.73725830020305
 10
616.3175906654446
 20
400.7934702568414
 10
616.3710436011359
 20
400.85101134448956
 10
616.4230683088208
 20
400.90984690254794
 10
616.4736334507608
 20
400.9699414906763
 10
616.5227085684052
 20
401.031258910142
 10
616.5702641007381
 20
401.09376222562423
 10
616.6162714020851
 20
401.1574137874629
 10
616.6607027593682
 20
401.2221752543373
 10
616.7035314087991
 20
401.2880076163613
 10
616.7447315520009
 20
401.3548712185817
 10
616.7842783715479
 20
401.42272578486467
 10
616.8221480459148
 20
401.49153044215683
 10
616.8583177638257
 20
401.56124374510523
 10
616.892765737995
 20
401.6318237010231
 10
616.9254712182513
 20
401.70322779518403
 10
616.9564145040362
 20
401.7754130164317
 10
616.9855769562712
 20
401.84833588308805
 10
617.0129410085857
 20
401.9219524691449
 10
617.0384901778978
 20
401.99621843072356
 10
617.0622090743431
 20
402.0710890327857
 10
617.0840834105454
 20
402.14651917608035
 10
617.1041000102225
 20
402.2224634243096
 10
617.1222468161233
 20
402.298876031498
 10
617.1385128972903
 20
402.3757109695484
 10
617.1528884556446
 20
402.45292195596704
 10
617.1653648318872
 20
402.53046248174286
 10
617.1759345107158
 20
402.6082858393625
 10
617.1845911253511
 20
402.6863451509454
 10
617.1913294613718
 20
402.7645933964811
 10
617.1961454598566
 20
402.8429834421523
 10
617.1990362198278
 20
402.92146806872665
 10
617.2
 20
403.0
 10
617.1990362198278
 20
403.07853193127335
  0
LWPOLYLINE
  5
4A
330
17
100
AcDbEntity
  8
CUT
100
AcDbPolyline
 90
239
 70
1
 10
640.0
 20
380.0
 10
640.0
 20
394.0
 10
645.0
 20
394.0
 10
648.0
 20
398.0
 10
648.1916406006985
 20
398.2555208009313
 10
648.0874017928005
 20
398.3857630706453
 10
647.9759435138951
 20
398.53225521630674
 10
647.8681139013631
 20
398.68143856436615
 10
647.7639779077309
 20
398.833223252353
 10
647.6635982606272
 20
398.98751785084676
 10
647.5670354249979
 20
399.1442294185508
 10
647.4743475666846
 20
399.3032635582766
 10
647.3855905173873
 20
399.464524473805
 10
647.3008177410336
 20
399.62791502759046
 10
647.2200803015742
 20
399.7933367992729
 10
647.1434268322236
 20
399.9606901449626
 10
647.0709035061653
 20
400.1298742572618
 10
647.0025540087395
 20
400.30078722598756
 10
646.9384195111273
 20
400.47332609955834
 10
646.8785386455522
 20
400.64738694700833
 10
646.8229474820084
 20
400.82286492059154
 10
646.7716795065342
 20
400.99965431893827
 10
646.7247656010409
 20
401.17764865072553
 10
646.6822340247111
 20
401.3567406988235
 10
646.6441103969757
 20
401.536822584879
 10
646.6104176820829
 20
401.71778583429773
 10
646.5811761752641
 20
401.8995214415848
 10
646.5564034905096
 20
402.0819199360059
 10
646.5361145499585
 20
402.2648714475283
 10
646.5203215749099
 20
402.4482657730025
 10
646.5090340784612
 20
402.63199244254434
 10
646.5022588597785
 20
402.81594078607816
 10
646.5
 20
403.0
 10
646.5022588597785
 20
403.18405921392184
 10
646.5090340784612
 20
403.36800755745566
 10
646.5203215749099
 20
403.5517342269975
 10
646.5361145499585
 20
403.7351285524717
 10
646.5564034905096
 20
403.9180800639941
 10
646.5811761752641
 20
404.1004785584152
 10
646.6104176820829
 20
404.28221416570227
 10
646.6441103969757
 20
404.463177415121
 10
646.6822340247111
 20
404.6432593011765
 10
646.7247656010409
 20
404.82235134927447
 10
646.7716795065342
 20
405.00034568106173
 10
646.8229474820084
 20
405.17713507940846
 10
646.8785386455522
 20
405.35261305299167
 10
646.9384195111273
 20
405.52667390044166
 10
647.0025540087395
 20
405.6992127740124
 10
647.0709035061653
 20
405.8701257427382
 10
647.1434268322236
 20
406.0393098550374
 10
647.2200803015742
 20
406.2066632007271
 10
647.3008177410336
 20
406.37208497240954
 10
647.3855905173873
 20
406.535475526195
 10
647.4743475666846
 20
406.6967364417234
 10
647.5670354249979
 20
406.8557705814492
 10
647.6635982606272
 20
407.01248214915324
 10
647.7639779077309
 20
407.166776747647
 10
647.8681139013631
 20
407.31856143563385
 10
647.9759435138951
 20
407.46774478369326
 10
648.0874017928005
 20
407.6142369293547
 10
648.2024215997794
 20
407.75794963122735
 10
648.3209336512014
 20
407.8987963221533
 10
648.4428665598379
 20
408.0366921613526
 10
648.568146877864
 20
408.171554085528
 10
648.6966991411009
 20
408.3033008588991
 10
648.828445914472
 20
408.431853122136
 10
648.9633078386473
 20
408.5571334401622
 10
649.1012036778467
 20
408.67906634879864
 10
649.2420503687727
 20
408.7975784002205
 10
649.3857630706453
 20
408.91259820719955
 10
649.5322552163068
 20
409.0240564861048
 10
649.6814385643662
 20
409.13188609863687
 10
649.833223252353
 20
409.2360220922691
 10
649.9875178508468
 20
409.33640173937283
 10
650.1442294185508
 20
409.432964575002
 10
650.3032635582766
 20
409.5256524333153
 10
650.464524473805
 20
409.61440948261264
 10
650.6279150275905
 20
409.69918225896635
 10
650.7933367992729
 20
409.77991969842583
 10
650.9606901449625
 20
409.8565731677765
 10
651.1298742572618
 20
409.92909649383466
 10
651.3007872259876
 20
409.9974459912605
 10
651.4733260995583
 20
410.06158048887266
 10
651.6473869470083
 20
410.1214613544478
 10
651.8228649205915
 20
410.17705251799157
 10
651.9996543189383
 20
410.2283204934658
 10
652.1776486507255
 20
410.27523439895907
 10
652.3567406988235
 20
410.317765975289
 10
652.536822584879
 20
410.35588960302425
 10
652.7177858342977
 20
410.3895823179171
 10
652.8995214415847
 20
410.41882382473585
 10
653.0819199360059
 20
410.4435965094903
 10
653.2648714475283
 20
410.46388545004146
 10
653.4482657730025
 20
410.4796784250902
 10
653.6319924425444
 20
410.4909659215388
 10
653.8159407860782
 20
410.49774114022154
 10
654.0
 20
410.5
 10
654.1840592139218
 20
410.49774114022154
 10
654.3680075574556
 20
410.4909659215388
 10
654.5517342269975
 20
410.4796784250902
 10
654.7351285524717
 20
410.46388545004146
 10
654.9180800639941
 20
410.4435965094903
 10
655.1004785584153
 20
410.41882382473585
 10
655.2822141657023
 20
410.3895823179171
 10
655.463177415121
 20
410.35588960302425
 10
655.6432593011765
 20
410.317765975289
 10
655.8223513492745
 20
410.27523439895907
 10
656.0003456810617
 20
410.2283204934658
 10
656.1771350794085
 20
410.17705251799157
 10
656.3526130529917
 20
410.1214613544478
 10
656.5266739004417
 20
410.06158048887266
 10
656.6992127740124
 20
409.9974459912605
 10
656.8701257427382
 20
409.92909649383466
 10
657.0393098550375
 20
409.8565731677765
 10
657.2066632007271
 20
409.77991969842583
 10
657.3720849724095
 20
409.69918225896635
 10
657.535475526195
 20
409.61440948261264
 10
657.6967364417234
 20
409.5256524333153
 10
657.8557705814492
 20
409.432964575002
 10
658.0124821491532
 20
409.33640173937283
 10
658.166776747647
 20
409.2360220922691
 10
658.3185614356338
 20
409.13188609863687
 10
658.4677447836932
 20
409.0240564861048
 10
658.6142369293547
 20
408.91259820719955
 10
658.7579496312273
 20
408.7975784002205
 10
658.8987963221533
 20
408.67906634879864
 10
659.0366921613527
 20
408.5571334401622
 10
659.171554085528
 20
408.431853122136
 10
659.3033008588991
 20
408.3033008588991
 10
659.431853122136
 20
408.171554085528
 10
659.5571334401621
 20
408.0366921613526
 10
659.6790663487986
 20
407.8987963221533
 10
659.7975784002206
 20
407.75794963122735
 10
659.9125982071995
 20
407.6142369293547
 10
660.0240564861049
 20
407.46774478369326
 10
660.1318860986369
 20
407.31856143563385
 10
660.2360220922691
 20
407.166776747647
 10
660.3364017393728
 20
407.01248214915324
 10
660.4329645750021
 20
406.8557705814492
 10
660.5256524333154
 20
406.6967364417234
 10
660.6144094826127
 20
406.535475526195
 10
660.6991822589664
 20
406.37208497240954
 10
660.7799196984258
 20
406.2066632007271
 10
660.8565731677764
 20
406.0393098550374
 10
660.9290964938347
 20
405.8701257427382
 10
660.9974459912605
 20
405.6992127740124
 10
661.0615804888727
 20
405.52667390044166
 10
661.1214613544478
 20
405.35261305299167
 10
661.1770525179916
 20
405.17713507940846
 10
661.2283204934658
 20
405.00034568106173
 10
661.2752343989591
 20
404.82235134927447
 10
661.3177659752889
 20
404.6432593011765
 10
661.3558896030243
 20
404.463177415121
 10
661.3895823179171
 20
404.28221416570227
 10
661.4188238247359
 20
404.1004785584152
 10
661.4435965094904
 20
403.9180800639941
 10
661.4638854500415
 20
403.7351285524717
 10
661.4796784250901
 20
403.5517342269975
 10
661.4909659215388
 20
403.36800755745566
 10
661.4977411402215
 20
403.18405921392184
 10
661.5
 20
403.0
 10
661.4977411402215
 20
402.81594078607816
 10
661.4909659215388
 20
402.63199244254434
 10
661.4796784250901
 20
402.4482657730025
 10
661.4638854500415
 20
402.2648714475283
 10
661.4435965094904
 20
402.0819199360059
 10
661.4188238247359
 20
401.8995214415848
 10
661.3895823179171
 20
401.71778583429773
 10
661.3558896030243
 20
401.536822584879
 10
661.3177659752889
 20
401.3567406988235
 10
661.2752343989591
 20
401.17764865072553
 10
661.2283204934658
 20
400.99965431893827
 10
661.1770525179916
 20
400.82286492059154
 10
661.1214613544478
 20
400.64738694700833
 10
661.0615804888727
 20
400.47332609955834
 10
660.9974459912605
 20
400.3007872259876
 10
660.9290964938347
 20
400.1298742572618
 10
660.8565731677764
 20
399.9606901449626
 10
660.7799196984258
 20
399.7933367992729
 10
660.6991822589664
 20
399.62791502759046
 10
660.6144094826127
 20
399.464524473805
 10
660.5256524333154
 20
399.3032635582766
 10
660.4329645750021
 20
399.1442294185508
 10
660.3364017393728
 20
398.98751785084676
 10
660.2360220922691
 20
398.833223252353
 10
660.1318860986369
 20
398.68143856436615
 10
660.0240564861049
 20
398.53225521630674
 10
659.9125982071995
 20
398.3857630706453
 10
659.7975784002206
 20
398.24205036877265
 10
659.6790663487986
 20
398.1012036778467
 10
659.5571334401621
 20
397.9633078386474
 10
659.431853122136
 20
397.828445914472
 10
659.3033008588991
 20
397.6966991411009
 10
659.171554085528
 20
397.568146877864
 10
659.0366921613527
 20
397.4428665598378
 10
658.8987963221533
 20
397.32093365120136
 10
658.7579496312273
 20
397.2024215997795
 10
658.6142369293547
 20
397.08740179280045
 10
658.4677447836932
 20
396.9759435138952
 10
658.3185614356338
 20
396.86811390136313
 10
658.166776747647
 20
396.7639779077309
 10
658.0124821491532
 20
396.66359826062717
 10
657.8557705814492
 20
396.567035424998
 10
657.6967364417234
 20
396.4743475666847
 10
657.535475526195
 20
396.38559051738736
 10
657.3720849724095
 20
396.30081774103365
 10
657.2066632007271
 20
396.22008030157417
 10
657.0393098550375
 20
396.1434268322235
 10
656.8701257427382
 20
396.07090350616534
 10
656.6992127740124
 20
396.0025540087395
 10
656.5266739004417
 20
395.93841951112734
 10
656.3526130529917
 20
395.8785386455522
 10
656.1771350794085
 20
395.82294748200843
 10
656.0003456810617
 20
395.7716795065342
 10
655.8223513492745
 20
395.72476560104093
 10
655.6432593011765
 20
395.682234024711
 10
655.463177415121
 20
395.64411039697575
 10
655.2822141657023
 20
395.6104176820829
 10
655.1004785584153
 20
395.58117617526415
 10
654.9180800639941
 20
395.5564034905097
 10
654.7351285524717
 20
395.53611454995854
 10
654.5517342269975
 20
395.5203215749098
 10
654.3680075574556
 20
395.5090340784612
 10
654.1840592139218
 20
395.50225885977846
 10
654.0
 20
395.5
 10
653.8159407860782
 20
395.50225885977846
 10
653.6319924425444
 20
395.5090340784612
 10
653.4482657730025
 20
395.5203215749098
 10
653.2648714475283
 20
395.53611454995854
 10
653.0819199360059
 20
395.5564034905097
 10
652.8995214415847
 20
395.58117617526415
 10
652.7177858342977
 20
395.6104176820829
 10
652.536822584879
 20
395.64411039697575
 10
652.3567406988235
 20
395.682234024711
 10
652.276047969749
 20
395.70139729299876
 10
648.0
 20
390.0
 10
646.0
 20
390.0
 10
646.0
 20
380.0
 10
640.0
 20
380.0
  0
LWPOLYLINE
  5
4B
330
17
100
AcDbEntity
  8
CUT
100
AcDbPolyline
 90
257
 70
1
 10
657.1990362198278
 20
403.07853193127335
 10
657.1961454598566
 20
403.1570165578477
 10
657.1913294613718
 20
403.2354066035189
 10
657.1845911253511
 20
403.3136548490546
 10
657.1759345107158
 20
403.3917141606375
 10
657.1653648318872
 20
403.46953751825714
 10
657.1528884556446
 20
403.54707804403296
 10
657.1385128972903
 20
403.6242890304516
 10
657.1222468161233
 20
403.701123968502
 10
657.1041000102225
 20
403.7775365756904
 10
657.0840834105454
 20
403.85348082391965
 10
657.0622090743431
 20
403.9289109672143
 10
657.0384901778978
 20
404.00378156927644
 10
657.0129410085857
 20
404.0780475308551
 10
656.9855769562712
 20
404.15166411691195
 10
656.9564145040362
 20
404.2245869835683
 10
656.9254712182513
 20
404.29677220481597
 10
656.892765737995
 20
404.3681762989769
 10
656.8583177638257
 20
404.43875625489477
 10
656.8221480459148
 20
404.50846955784317
 10
656.7842783715479
 20
404.57727421513533
 10
656.7447315520009
 20
404.6451287814183
 10
656.7035314087991
 20
404.7119923836387
 10
656.6607027593682
 20
404.7778247456627
 10
656.6162714020851
 20
404.8425862125371
 10
656.5702641007381
 20
404.90623777437577
 10
656.5227085684052
 20
404.968741089858
 10
656.4736334507608
 20
405.0300585093237
 10
656.4230683088208
 20
405.0901530974521
 10
656.3710436011359
 20
405.14898865551044
 10
656.3175906654446
 20
405.2065297431586
 10
656.262741699797
 20
405.26274169979695
 10
656.2065297431586
 20
405.3175906654447
 10
656.1489886555105
 20
405.37104360113585
 10
656.0901530974521
 20
405.42306830882075
 10
656.0300585093237
 20
405.47363345076076
 10
655.968741089858
 20
405.52270856840516
 10
655.9062377743758
 20
405.5702641007381
 10
655.8425862125371
 20
405.6162714020851
 10
655.7778247456628
 20
405.6607027593681
 10
655.7119923836387
 20
405.70353140879905
 10
655.6451287814183
 20
405.74473155200087
 10
655.5772742151353
 20
405.7842783715479
 10
655.5084695578432
 20
405.82214804591473
 10
655.4387562548948
 20
405.85831776382565
 10
655.3681762989769
 20
405.89276573799503
 10
655.296772204816
 20
405.9254712182513
 10
655.2245869835683
 20
405.9564145040361
 10
655.151664116912
 20
405.9855769562712
 10
655.0780475308551
 20
406.01294100858564
 10
655.0037815692765
 20
406.0384901778977
 10
654.9289109672143
 20
406.06220907434306
 10
654.8534808239197
 20
406.0840834105454
 10
654.7775365756904
 20
406.10410001022257
 10
654.701123968502
 20
406.12224681612327
 10
654.6242890304516
 20
406.13851289729035
 10
654.547078044033
 20
406.1528884556446
 10
654.4695375182572
 20
406.1653648318873
 10
654.3917141606374
 20
406.1759345107159
 10
654.3136548490546
 20
406.184591125351
 10
654.235406603519
 20
406.1913294613718
 10
654.1570165578478
 20
406.19614545985655
 10
654.0785319312733
 20
406.19903621982786
 10
654.0
 20
406.2
 10
653.9214680687267
 20
406.19903621982786
 10
653.8429834421522
 20
406.19614545985655
 10
653.764593396481
 20
406.1913294613718
 10
653.6863451509454
 20
406.184591125351
 10
653.6082858393625
 20
406.1759345107159
 10
653.5304624817428
 20
406.1653648318873
 10
653.452921955967
 20
406.1528884556446
 10
653.3757109695484
 20
406.13851289729035
 10
653.298876031498
 20
406.12224681612327
 10
653.2224634243096
 20
406.10410001022257
 10
653.1465191760803
 20
406.0840834105454
 10
653.0710890327857
 20
406.06220907434306
 10
652.9962184307235
 20
406.0384901778977
 10
652.9219524691449
 20
406.01294100858564
 10
652.848335883088
 20
405.9855769562712
 10
652.7754130164317
 20
405.9564145040361
 10
652.703227795184
 20
405.9254712182513
 10
652.6318237010231
 20
405.89276573799503
 10
652.5612437451052
 20
405.85831776382565
 10
652.4915304421568
 20
405.82214804591473
 10
652.4227257848647
 20
405.7842783715479
 10
652.3548712185817
 20
405.74473155200087
 10
652.2880076163613
 20
405.70353140879905
 10
652.2221752543372
 20
405.6607027593681
 10
652.1574137874629
 20
405.6162714020851
 10
652.0937622256242
 20
405.5702641007381
 10
652.031258910142
 20
405.52270856840516
 10
651.9699414906763
 20
405.47363345076076
 10
651.9098469025479
 20
405.42306830882075
 10
651.8510113444895
 20
405.37104360113585
 10
651.7934702568414
 20
405.3175906654447
 10
651.737258300203
 20
405.26274169979695
 10
651.6824093345554
 20
405.2065297431586
 10
651.6289563988641
 20
405.14898865551044
 10
651.5769316911792
 20
405.09015309745206
 10
651.5263665492392
 20
405.0300585093237
 10
651.4772914315948
 20
404.968741089858
 10
651.4297358992619
 20
404.90623777437577
 10
651.3837285979149
 20
404.8425862125371
 10
651.3392972406318
 20
404.7778247456627
 10
651.2964685912009
 20
404.7119923836387
 10
651.2552684479991
 20
404.6451287814183
 10
651.2157216284521
 20
404.57727421513533
 10
651.1778519540852
 20
404.50846955784317
 10
651.1416822361743
 20
404.43875625489477
 10
651.107234262005
 20
404.3681762989769
 10
651.0745287817487
 20
404.29677220481597
 10
651.0435854959638
 20
404.2245869835683
 10
651.0144230437288
 20
404.15166411691195
 10
650.9870589914143
 20
404.0780475308551
 10
650.9615098221022
 20
404.00378156927644
 10
650.9377909256569
 20
403.9289109672143
 10
650.9159165894546
 20
403.85348082391965
 10
650.8958999897775
 20
403.7775365756904
 10
650.8777531838767
 20
403.701123968502
 10
650.8614871027097
 20
403.6242890304516
 10
650.8471115443554
 20
403.54707804403296
 10
650.8346351681128
 20
403.46953751825714
 10
650.8240654892842
 20
403.3917141606375
 10
650.8154088746489
 20
403.3136548490546
 10
650.8086705386282
 20
403.2354066035189
 10
650.8038545401434
 20
403.1570165578477
 10
650.8009637801722
 20
403.07853193127335
 10
650.8
 20
403.0
 10
650.8009637801722
 20
402.92146806872665
 10
650.8038545401434
 20
402.8429834421523
 10
650.8086705386282
 20
402.7645933964811
 10
650.8154088746489
 20
402.6863451509454
 10
650.8240654892842
 20
402.6082858393625
 10
650.8346351681128
 20
402.53046248174286
 10
650.8471115443554
 20
402.45292195596704
 10
650.8614871027097
 20
402.3757109695484
 10
650.8777531838767
 20
402.298876031498
 10
650.8958999897775
 20
402.2224634243096
 10
650.9159165894546
 20
402.14651917608035
 10
650.9377909256569
 20
402.0710890327857
 10
650.9615098221022
 20
401.99621843072356
 10
650.9870589914143
 20
401.9219524691449
 10
651.0144230437288
 20
401.84833588308805
 10
651.0435854959638
 20
401.7754130164317
 10
651.0745287817487
 20
401.70322779518403
 10
651.107234262005
 20
401.6318237010231
 10
651.1416822361743
 20
401.56124374510523
 10
651.1778519540852
 20
401.49153044215683
 10
651.2157216284521
 20
401.42272578486467
 10
651.2552684479991
 20
401.3548712185817
 10
651.2964685912009
 20
401.2880076163613
 10
651.3392972406318
 20
401.2221752543373
 10
651.3837285979149
 20
401.1574137874629
 10
651.4297358992619
 20
401.09376222562423
 10
651.4772914315948
 20
401.031258910142
 10
651.5263665492392
 20
400.9699414906763
 10
651.5769316911792
 20
400.90984690254794
 10
651.6289563988641
 20
400.85101134448956
 10
651.6824093345554
 20
400.7934702568414
 10
651.737258300203
 20
400.73725830020305
 10
651.7934702568414
 20
400.6824093345553
 10
651.8510113444895
 20
400.62895639886415
 10
651.9098469025479
 20
400.57693169117925
 10
651.9699414906763
 20
400.52636654923924
 10
652.031258910142
 20
400.47729143159484
 10
652.0937622256242
 20
400.4297358992619
 10
652.1574137874629
 20
400.3837285979149
 10
652.2221752543372
 20
400.3392972406319
 10
652.2880076163613
 20
400.29646859120095
 10
652.3548712185817
 20
400.25526844799913
 10
652.4227257848647
 20
400.2157216284521
 10
652.4915304421568
 20
400.17785195408527
 10
652.5612437451052
 20
400.14168223617435
 10
652.6318237010231
 20
400.10723426200497
 10
652.703227795184
 20
400.0745287817487
 10
652.7754130164317
 20
400.0435854959639
 10
652.848335883088
 20
400.0144230437288
 10
652.9219524691449
 20
399.98705899141436
 10
652.9962184307235
 20
399.9615098221023
 10
653.0710890327857
 20
399.93779092565694
 10
653.1465191760803
 20
399.9159165894546
 10
653.2224634243096
 20
399.89589998977743
 10
653.298876031498
 20
399.87775318387673
 10
653.3757109695484
 20
399.86148710270965
 10
653.452921955967
 20
399.8471115443554
 10
653.5304624817428
 20
399.8346351681127
 10
653.6082858393625
 20
399.8240654892841
 10
653.6863451509454
 20
399.815408874649
 10
653.764593396481
 20
399.8086705386282
 10
653.8429834421522
 20
399.80385454014345
 10
653.9214680687267
 20
399.80096378017214
 10
654.0
 20
399.8
 10
654.0785319312733
 20
399.80096378017214
 10
654.1570165578478
 20
399.80385454014345
 10
654.235406603519
 20
399.8086705386282
 10
654.3136548490546
 20
399.815408874649
 10
654.3917141606375
 20
399.8240654892841
 10
654.4695375182572
 20
399.8346351681127
 10
654.547078044033
 20
399.8471115443554
 10
654.6242890304516
 20
399.86148710270965
 10
654.701123968502
 20
399.87775318387673
 10
654.7775365756904
 20
399.89589998977743
 10
654.8534808239197
 20
399.9159165894546
 10
654.9289109672143
 20
399.93779092565694
 10
655.0037815692765
 20
399.9615098221023
 10
655.0780475308551
 20
399.98705899141436
 10
655.151664116912
 20
400.0144230437288
 10
655.2245869835683
 20
400.0435854959639
 10
655.296772204816
 20
400.0745287817487
 10
655.3681762989769
 20
400.10723426200497
 10
655.4387562548948
 20
400.14168223617435
 10
655.5084695578432
 20
400.17785195408527
 10
655.5772742151353
 20
400.2157216284521
 10
655.6451287814183
 20
400.25526844799913
 10
655.7119923836387
 20
400.29646859120095
 10
655.7778247456628
 20
400.3392972406319
 10
655.8425862125371
 20
400.3837285979149
 10
655.9062377743758
 20
400.4297358992619
 10
655.968741089858
 20
400.47729143159484
 10
656.0300585093237
 20
400.52636654923924
 10
656.0901530974521
 20
400.57693169117925
 10
656.1489886555105
 20
400.62895639886415
 10
656.2065297431586
 20
400.6824093345553
 10
656.262741699797
 20
400.73725830020305
 10
656.3175906654446
 20
400.7934702568414
 10
656.3710436011359
 20
400.85101134448956
 10
656.4230683088208
 20
400.90984690254794
 10
656.4736334507608
 20
400.9699414906763
 10
656.5227085684052
 20
401.031258910142
 10
656.5702641007381
 20
401.09376222562423
 10
656.6162714020851
 20
401.1574137874629
 10
656.6607027593682
 20
401.2221752543373
 10
656.7035314087991
 20
401.2880076163613
 10
656.7447315520009
 20
401.3548712185817
 10
656.7842783715479
 20
401.42272578486467
 10
656.8221480459148
 20
401.49153044215683
 10
656.8583177638257
 20
401.56124374510523
 10
656.892765737995
 20
401.6318237010231
 10
656.9254712182513
 20
401.70322779518403
 10
656.9564145040362
 20
401.7754130164317
 10
656.9855769562712
 20
401.84833588308805
 10
657.0129410085857
 20
401.9219524691449
 10
657.0384901778978
 20
401.99621843072356
 10
657.0622090743431
 20
402.0710890327857
 10
657.0840834105454
 20
402.14651917608035
 10
657.1041000102225
 20
402.2224634243096
 10
657.1222468161233
 20
402.298876031498
 10
657.1385128972903
 20
402.3757109695484
 10
657.1528884556446
 20
402.45292195596704
 10
657.1653648318872
 20
402.53046248174286
 10
657.1759345107158
 20
402.6082858393625
 10
657.1845911253511
 20
402.6863451509454
 10
657.1913294613718
 20
402.7645933964811
 10
657.1961454598566
 20
402.8429834421523
 10
657.1990362198278
 20
402.92146806872665
 10
657.2
 20
403.0
 10
657.1990362198278
 20
403.07853193127335
  0
LWPOLYLINE
  5
4C
330
17
100
AcDbEntity
  8
CUT
100
AcDbPolyline
 90
240
 70
1
 10
680.0
 20
380.0
 10
680.0
 20
386.0
 10
686.0
 20
386.0
 10
686.0
 20
385.3
 10
689.861870907866
 20
385.3
 10
689.8785386455522
 20
385.35261305299167
 10
689.9384195111273
 20
385.52667390044166
 10
690.0025540087395
 20
385.69921277401244
 10
690.0709035061653
 20
385.8701257427382
 10
690.1434268322236
 20
386.0393098550374
 10
690.2200803015742
 20
386.2066632007271
 10
690.3008177410336
 20
386.37208497240954
 10
690.3855905173873
 20
386.535475526195
 10
690.4743475666846
 20
386.6967364417234
 10
690.5670354249979
 20
386.8557705814492
 10
690.6635982606272
 20
387.01248214915324
 10
690.7639779077309
 20
387.166776747647
 10
690.8681139013631
 20
387.31856143563385
 10
690.9759435138951
 20
387.46774478369326
 10
691.0874017928005
 20
387.6142369293547
 10
691.2024215997794
 20
387.75794963122735
 10
691.3209336512014
 20
387.8987963221533
 10
691.4428665598379
 20
388.0366921613526
 10
691.568146877864
 20
388.171554085528
 10
691.6966991411009
 20
388.3033008588991
 10
691.828445914472
 20
388.431853122136
 10
691.9633078386473
 20
388.5571334401622
 10
692.1012036778467
 20
388.67906634879864
 10
692.2420503687727
 20
388.7975784002205
 10
692.3857630706453
 20
388.91259820719955
 10
692.5322552163068
 20
389.0240564861048
 10
692.6814385643662
 20
389.13188609863687
 10
692.833223252353
 20
389.2360220922691
 10
692.9875178508468
 20
389.33640173937283
 10
693.1442294185508
 20
389.432964575002
 10
693.3032635582766
 20
389.5256524333153
 10
693.464524473805
 20
389.61440948261264
 10
693.6279150275905
 20
389.69918225896635
 10
693.7933367992729
 20
389.77991969842583
 10
693.9606901449625
 20
389.8565731677765
 10
694.1298742572618
 20
389.92909649383466
 10
694.3007872259876
 20
389.9974459912605
 10
694.4733260995583
 20
390.06158048887266
 10
694.6473869470083
 20
390.1214613544478
 10
694.8228649205915
 20
390.17705251799157
 10
694.9996543189383
 20
390.2283204934658
 10
695.1776486507255
 20
390.27523439895907
 10
695.3567406988235
 20
390.317765975289
 10
695.536822584879
 20
390.35588960302425
 10
695.7177858342977
 20
390.3895823179171
 10
695.8995214415847
 20
390.41882382473585
 10
696.0819199360059
 20
390.4435965094903
 10
696.2648714475283
 20
390.46388545004146
 10
696.4482657730025
 20
390.4796784250902
 10
696.6319924425444
 20
390.4909659215388
 10
696.8159407860782
 20
390.49774114022154
 10
697.0
 20
390.5
 10
697.1840592139218
 20
390.49774114022154
 10
697.3680075574556
 20
390.4909659215388
 10
697.5517342269975
 20
390.4796784250902
 10
697.7351285524717
 20
390.46388545004146
 10
697.9180800639941
 20
390.4435965094903
 10
698.1004785584153
 20
390.41882382473585
 10
698.2822141657023
 20
390.3895823179171
 10
698.463177415121
 20
390.35588960302425
 10
698.6432593011765
 20
390.317765975289
 10
698.8223513492745
 20
390.27523439895907
 10
699.0003456810617
 20
390.2283204934658
 10
699.1771350794085
 20
390.17705251799157
 10
699.3526130529917
 20
390.1214613544478
 10
699.5266739004417
 20
390.06158048887266
 10
699.6992127740124
 20
389.9974459912605
 10
699.8701257427382
 20
389.92909649383466
 10
700.0393098550375
 20
389.8565731677765
 10
700.2066632007271
 20
389.77991969842583
 10
700.3720849724095
 20
389.69918225896635
 10
700.535475526195
 20
389.61440948261264
 10
700.6967364417234
 20
389.5256524333153
 10
700.8557705814492
 20
389.432964575002
 10
701.0124821491532
 20
389.33640173937283
 10
701.166776747647
 20
389.2360220922691
 10
701.3185614356338
 20
389.13188609863687
 10
701.4677447836932
 20
389.0240564861048
 10
701.6142369293547
 20
388.91259820719955
 10
701.7579496312273
 20
388.7975784002205
 10
701.8987963221533
 20
388.67906634879864
 10
702.0366921613527
 20
388.5571334401622
 10
702.171554085528
 20
388.431853122136
 10
702.3033008588991
 20
388.3033008588991
 10
702.431853122136
 20
388.171554085528
 10
702.5571334401621
 20
388.0366921613526
 10
702.6790663487986
 20
387.8987963221533
 10
702.7975784002206
 20
387.75794963122735
 10
702.9125982071995
 20
387.6142369293547
 10
703.0240564861049
 20
387.46774478369326
 10
703.1318860986369
 20
387.31856143563385
 10
703.2360220922691
 20
387.166776747647
 10
703.3364017393728
 20
387.01248214915324
 10
703.4329645750021
 20
386.8557705814492
 10
703.5256524333154
 20
386.6967364417234
 10
703.6144094826127
 20
386.535475526195
 10
703.6991822589664
 20
386.37208497240954
 10
703.7799196984258
 20
386.2066632007271
 10
703.8565731677764
 20
386.0393098550374
 10
703.9290964938347
 20
385.8701257427382
 10
703.9974459912605
 20
385.69921277401244
 10
704.0615804888727
 20
385.52667390044166
 10
704.1214613544478
 20
385.35261305299167
 10
704.1770525179916
 20
385.17713507940846
 10
704.2283204934658
 20
385.00034568106173
 10
704.2752343989591
 20
384.82235134927447
 10
704.3177659752889
 20
384.6432593011765
 10
704.3558896030243
 20
384.463177415121
 10
704.3895823179171
 20
384.28221416570227
 10
704.4188238247359
 20
384.1004785584152
 10
704.4435965094904
 20
383.9180800639941
 10
704.4638854500415
 20
383.7351285524717
 10
704.4796784250901
 20
383.5517342269975
 10
704.4909659215388
 20
383.36800755745566
 10
704.4977411402215
 20
383.18405921392184
 10
704.5
 20
383.0
 10
704.4977411402215
 20
382.81594078607816
 10
704.4909659215388
 20
382.63199244254434
 10
704.4796784250901
 20
382.4482657730025
 10
704.4638854500415
 20
382.2648714475283
 10
704.4435965094904
 20
382.0819199360059
 10
704.4188238247359
 20
381.8995214415848
 10
704.3895823179171
 20
381.71778583429773
 10
704.3558896030243
 20
381.536822584879
 10
704.3177659752889
 20
381.3567406988235
 10
704.2752343989591
 20
381.17764865072553
 10
704.2283204934658
 20
380.99965431893827
 10
704.1770525179916
 20
380.82286492059154
 10
704.1214613544478
 20
380.64738694700833
 10
704.0615804888727
 20
380.47332609955834
 10
703.9974459912605
 20
380.30078722598756
 10
703.9290964938347
 20
380.1298742572618
 10
703.8565731677764
 20
379.9606901449626
 10
703.7799196984258
 20
379.7933367992729
 10
703.6991822589664
 20
379.62791502759046
 10
703.6144094826127
 20
379.464524473805
 10
703.5256524333154
 20
379.3032635582766
 10
703.4329645750021
 20
379.1442294185508
 10
703.3364017393728
 20
378.98751785084676
 10
703.2360220922691
 20
378.833223252353
 10
703.1318860986369
 20
378.68143856436615
 10
703.0240564861049
 20
378.53225521630674
 10
702.9125982071995
 20
378.3857630706453
 10
702.7975784002206
 20
378.24205036877265
 10
702.6790663487986
 20
378.1012036778467
 10
702.5571334401621
 20
377.9633078386474
 10
702.431853122136
 20
377.828445914472
 10
702.3033008588991
 20
377.6966991411009
 10
702.171554085528
 20
377.568146877864
 10
702.0366921613527
 20
377.4428665598378
 10
701.8987963221533
 20
377.32093365120136
 10
701.7579496312273
 20
377.2024215997795
 10
701.6142369293547
 20
377.08740179280045
 10
701.4677447836932
 20
376.9759435138952
 10
701.3185614356338
 20
376.86811390136313
 10
701.166776747647
 20
376.7639779077309
 10
701.0124821491532
 20
376.6635982606272
 10
700.8557705814492
 20
376.567035424998
 10
700.6967364417234
 20
376.4743475666847
 10
700.535475526195
 20
376.38559051738736
 10
700.3720849724095
 20
376.30081774103365
 10
700.2066632007271
 20
376.22008030157417
 10
700.0393098550375
 20
376.1434268322235
 10
699.8701257427382
 20
376.07090350616534
 10
699.6992127740124
 20
376.0025540087395
 10
699.5266739004417
 20
375.93841951112734
 10
699.3526130529917
 20
375.8785386455522
 10
699.1771350794085
 20
375.82294748200843
 10
699.0003456810617
 20
375.7716795065342
 10
698.8223513492745
 20
375.72476560104093
 10
698.6432593011765
 20
375.682234024711
 10
698.463177415121
 20
375.64411039697575
 10
698.2822141657023
 20
375.6104176820829
 10
698.1004785584153
 20
375.58117617526415
 10
697.9180800639941
 20
375.5564034905097
 10
697.7351285524717
 20
375.53611454995854
 10
697.5517342269975
 20
375.5203215749098
 10
697.3680075574556
 20
375.5090340784612
 10
697.1840592139218
 20
375.50225885977846
 10
697.0
 20
375.5
 10
696.8159407860782
 20
375.50225885977846
 10
696.6319924425444
 20
375.5090340784612
 10
696.4482657730025
 20
375.5203215749098
 10
696.2648714475283
 20
375.53611454995854
 10
696.0819199360059
 20
375.5564034905097
 10
695.8995214415847
 20
375.58117617526415
 10
695.7177858342977
 20
375.6104176820829
 10
695.536822584879
 20
375.64411039697575
 10
695.3567406988235
 20
375.682234024711
 10
695.1776486507255
 20
375.72476560104093
 10
694.9996543189383
 20
375.7716795065342
 10
694.8228649205915
 20
375.82294748200843
 10
694.6473869470083
 20
375.8785386455522
 10
694.4733260995583
 20
375.93841951112734
 10
694.3007872259876
 20
376.0025540087395
 10
694.1298742572618
 20
376.07090350616534
 10
693.9606901449625
 20
376.1434268322235
 10
693.7933367992729
 20
376.22008030157417
 10
693.6279150275905
 20
376.30081774103365
 10
693.464524473805
 20
376.38559051738736
 10
693.3032635582766
 20
376.4743475666847
 10
693.1442294185508
 20
376.567035424998
 10
692.9875178508468
 20
376.66359826062717
 10
692.833223252353
 20
376.7639779077309
 10
692.6814385643662
 20
376.86811390136313
 10
692.5322552163068
 20
376.9759435138952
 10
692.3857630706453
 20
377.08740179280045
 10
692.2420503687727
 20
377.2024215997795
 10
692.1012036778467
 20
377.32093365120136
 10
691.9633078386473
 20
377.4428665598378
 10
691.828445914472
 20
377.568146877864
 10
691.6966991411009
 20
377.6966991411009
 10
691.568146877864
 20
377.828445914472
 10
691.4428665598379
 20
377.9633078386474
 10
691.3209336512014
 20
378.1012036778467
 10
691.2024215997794
 20
378.24205036877265
 10
691.0874017928005
 20
378.3857630706453
 10
690.9759435138951
 20
378.53225521630674
 10
690.8681139013631
 20
378.68143856436615
 10
690.7639779077309
 20
378.833223252353
 10
690.6635982606272
 20
378.98751785084676
 10
690.5670354249979
 20
379.1442294185508
 10
690.4743475666846
 20
379.3032635582766
 10
690.3855905173873
 20
379.464524473805
 10
690.3008177410336
 20
379.62791502759046
 10
690.2200803015742
 20
379.7933367992729
 10
690.1434268322236
 20
379.9606901449626
 10
690.0709035061653
 20
380.1298742572618
 10
690.0025540087395
 20
380.30078722598756
 10
689.9384195111273
 20
380.47332609955834
 10
689.8785386455522
 20
380.64738694700833
 10
689.861870907866
 20
380.7
 10
686.0
 20
380.7
 10
686.0
 20
380.0
 10
680.0
 20
380.0
  0
LWPOLYLINE
  5
4D
330
17
100
AcDbEntity
  8
CUT
100
AcDbPolyline
 90
257
 70
1
 10
700.1990362198278
 20
383.07853193127335
 10
700.1961454598566
 20
383.1570165578477
 10
700.1913294613718
 20
383.2354066035189
 10
700.1845911253511
 20
383.3136548490546
 10
700.1759345107158
 20
383.3917141606375
 10
700.1653648318872
 20
383.46953751825714
 10
700.1528884556446
 20
383.54707804403296
 10
700.1385128972903
 20
383.6242890304516
 10
700.1222468161233
 20
383.701123968502
 10
700.1041000102225
 20
383.7775365756904
 10
700.0840834105454
 20
383.85348082391965
 10
700.0622090743431
 20
383.9289109672143
 10
700.0384901778978
 20
384.00378156927644
 10
700.0129410085857
 20
384.0780475308551
 10
699.9855769562712
 20
384.15166411691195
 10
699.9564145040362
 20
384.2245869835683
 10
699.9254712182513
 20
384.29677220481597
 10
699.892765737995
 20
384.3681762989769
 10
699.8583177638257
 20
384.43875625489477
 10
699.8221480459148
 20
384.50846955784317
 10
699.7842783715479
 20
384.57727421513533
 10
699.7447315520009
 20
384.6451287814183
 10
699.7035314087991
 20
384.7119923836387
 10
699.6607027593682
 20
384.7778247456627
 10
699.6162714020851
 20
384.8425862125371
 10
699.5702641007381
 20
384.90623777437577
 10
699.5227085684052
 20
384.968741089858
 10
699.4736334507608
 20
385.0300585093237
 10
699.4230683088208
 20
385.09015309745206
 10
699.3710436011359
 20
385.14898865551044
 10
699.3175906654446
 20
385.2065297431586
 10
699.262741699797
 20
385.26274169979695
 10
699.2065297431586
 20
385.3175906654447
 10
699.1489886555105
 20
385.37104360113585
 10
699.0901530974521
 20
385.42306830882075
 10
699.0300585093237
 20
385.47363345076076
 10
698.968741089858
 20
385.52270856840516
 10
698.9062377743758
 20
385.5702641007381
 10
698.8425862125371
 20
385.6162714020851
 10
698.7778247456628
 20
385.6607027593681
 10
698.7119923836387
 20
385.70353140879905
 10
698.6451287814183
 20
385.74473155200087
 10
698.5772742151353
 20
385.7842783715479
 10
698.5084695578432
 20
385.82214804591473
 10
698.4387562548948
 20
385.85831776382565
 10
698.3681762989769
 20
385.89276573799503
 10
698.296772204816
 20
385.9254712182513
 10
698.2245869835683
 20
385.9564145040361
 10
698.151664116912
 20
385.9855769562712
 10
698.0780475308551
 20
386.01294100858564
 10
698.0037815692765
 20
386.0384901778977
 10
697.9289109672143
 20
386.06220907434306
 10
697.8534808239197
 20
386.0840834105454
 10
697.7775365756904
 20
386.10410001022257
 10
697.701123968502
 20
386.12224681612327
 10
697.6242890304516
 20
386.13851289729035
 10
697.547078044033
 20
386.1528884556446
 10
697.4695375182572
 20
386.1653648318873
 10
697.3917141606375
 20
386.1759345107159
 10
697.3136548490546
 20
386.184591125351
 10
697.235406603519
 20
386.1913294613718
 10
697.1570165578478
 20
386.19614545985655
 10
697.0785319312733
 20
386.19903621982786
 10
697.0
 20
386.2
 10
696.9214680687267
 20
386.19903621982786
 10
696.8429834421522
 20
386.19614545985655
 10
696.764593396481
 20
386.1913294613718
 10
696.6863451509454
 20
386.184591125351
 10
696.6082858393625
 20
386.1759345107159
 10
696.5304624817428
 20
386.1653648318873
 10
696.452921955967
 20
386.1528884556446
 10
696.3757109695484
 20
386.13851289729035
 10
696.298876031498
 20
386.12224681612327
 10
696.2224634243096
 20
386.10410001022257
 10
696.1465191760803
 20
386.0840834105454
 10
696.0710890327857
 20
386.06220907434306
 10
695.9962184307235
 20
386.0384901778977
 10
695.9219524691449
 20
386.01294100858564
 10
695.848335883088
 20
385.9855769562712
 10
695.7754130164317
 20
385.9564145040361
 10
695.703227795184
 20
385.9254712182513
 10
695.6318237010231
 20
385.89276573799503
 10
695.5612437451052
 20
385.85831776382565
 10
695.4915304421568
 20
385.82214804591473
 10
695.4227257848647
 20
385.7842783715479
 10
695.3548712185817
 20
385.74473155200087
 10
695.2880076163613
 20
385.70353140879905
 10
695.2221752543372
 20
385.6607027593681
 10
695.1574137874629
 20
385.6162714020851
 10
695.0937622256242
 20
385.5702641007381
 10
695.031258910142
 20
385.52270856840516
 10
694.9699414906763
 20
385.47363345076076
 10
694.9098469025479
 20
385.42306830882075
 10
694.8510113444895
 20
385.37104360113585
 10
694.7934702568414
 20
385.3175906654447
 10
694.737258300203
 20
385.26274169979695
 10
694.6824093345554
 20
385.2065297431586
 10
694.6289563988641
 20
385.14898865551044
 10
694.5769316911792
 20
385.09015309745206
 10
694.5263665492392
 20
385.0300585093237
 10
694.4772914315948
 20
384.968741089858
 10
694.4297358992619
 20
384.90623777437577
 10
694.3837285979149
 20
384.8425862125371
 10
694.3392972406318
 20
384.7778247456627
 10
694.2964685912009
 20
384.7119923836387
 10
694.2552684479991
 20
384.6451287814183
 10
694.2157216284521
 20
384.57727421513533
 10
694.1778519540852
 20
384.50846955784317
 10
694.1416822361743
 20
384.43875625489477
 10
694.107234262005
 20
384.3681762989769
 10
694.0745287817487
 20
384.29677220481597
 10
694.0435854959638
 20
384.2245869835683
 10
694.0144230437288
 20
384.15166411691195
 10
693.9870589914143
 20
384.0780475308551
 10
693.9615098221022
 20
384.00378156927644
 10
693.9377909256569
 20
383.9289109672143
 10
693.9159165894546
 20
383.85348082391965
 10
693.8958999897775
 20
383.7775365756904
 10
693.8777531838767
 20
383.701123968502
 10
693.8614871027097
 20
383.6242890304516
 10
693.8471115443554
 20
383.54707804403296
 10
693.8346351681128
 20
383.46953751825714
 10
693.8240654892842
 20
383.3917141606375
 10
693.8154088746489
 20
383.3136548490546
 10
693.8086705386282
 20
383.2354066035189
 10
693.8038545401434
 20
383.1570165578477
 10
693.8009637801722
 20
383.07853193127335
 10
693.8
 20
383.0
 10
693.8009637801722
 20
382.92146806872665
 10
693.8038545401434
 20
382.8429834421523
 10
693.8086705386282
 20
382.7645933964811
 10
693.8154088746489
 20
382.6863451509454
 10
693.8240654892842
 20
382.6082858393625
 10
693.8346351681128
 20
382.53046248174286
 10
693.8471115443554
 20
382.45292195596704
 10
693.8614871027097
 20
382.3757109695484
 10
693.8777531838767
 20
382.298876031498
 10
693.8958999897775
 20
382.2224634243096
 10
693.9159165894546
 20
382.14651917608035
 10
693.9377909256569
 20
382.0710890327857
 10
693.9615098221022
 20
381.99621843072356
 10
693.9870589914143
 20
381.9219524691449
 10
694.0144230437288
 20
381.84833588308805
 10
694.0435854959638
 20
381.7754130164317
 10
694.0745287817487
 20
381.70322779518403
 10
694.107234262005
 20
381.6318237010231
 10
694.1416822361743
 20
381.56124374510523
 10
694.1778519540852
 20
381.49153044215683
 10
694.2157216284521
 20
381.42272578486467
 10
694.2552684479991
 20
381.3548712185817
 10
694.2964685912009
 20
381.2880076163613
 10
694.3392972406318
 20
381.2221752543373
 10
694.3837285979149
 20
381.1574137874629
 10
694.4297358992619
 20
381.09376222562423
 10
694.4772914315948
 20
381.031258910142
 10
694.5263665492392
 20
380.9699414906763
 10
694.5769316911792
 20
380.90984690254794
 10
694.6289563988641
 20
380.85101134448956
 10
694.6824093345554
 20
380.7934702568414
 10
694.737258300203
 20
380.73725830020305
 10
694.7934702568414
 20
380.6824093345553
 10
694.8510113444895
 20
380.62895639886415
 10
694.9098469025479
 20
380.57693169117925
 10
694.9699414906763
 20
380.52636654923924
 10
695.031258910142
 20
380.47729143159484
 10
695.0937622256242
 20
380.4297358992619
 10
695.1574137874629
 20
380.3837285979149
 10
695.2221752543372
 20
380.3392972406319
 10
695.2880076163613
 20
380.29646859120095
 10
695.3548712185817
 20
380.25526844799913
 10
695.4227257848647
 20
380.2157216284521
 10
695.4915304421568
 20
380.17785195408527
 10
695.5612437451052
 20
380.14168223617435
 10
695.6318237010231
 20
380.10723426200497
 10
695.703227795184
 20
380.0745287817487
 10
695.7754130164317
 20
380.0435854959639
 10
695.848335883088
 20
380.0144230437288
 10
695.9219524691449
 20
379.98705899141436
 10
695.9962184307235
 20
379.9615098221023
 10
696.0710890327857
 20
379.93779092565694
 10
696.1465191760803
 20
379.9159165894546
 10
696.2224634243096
 20
379.89589998977743
 10
696.298876031498
 20
379.87775318387673
 10
696.3757109695484
 20
379.86148710270965
 10
696.452921955967
 20
379.8471115443554
 10
696.5304624817428
 20
379.8346351681127
 10
696.6082858393625
 20
379.8240654892841
 10
696.6863451509454
 20
379.815408874649
 10
696.764593396481
 20
379.8086705386282
 10
696.8429834421522
 20
379.80385454014345
 10
696.9214680687267
 20
379.80096378017214
 10
697.0
 20
379.8
 10
697.0785319312733
 20
379.80096378017214
 10
697.1570165578478
 20
379.80385454014345
 10
697.235406603519
 20
379.8086705386282
 10
697.3136548490546
 20
379.815408874649
 10
697.3917141606375
 20
379.8240654892841
 10
697.4695375182572
 20
379.8346351681127
 10
697.547078044033
 20
379.8471115443554
 10
697.6242890304516
 20
379.86148710270965
 10
697.701123968502
 20
379.87775318387673
 10
697.7775365756904
 20
379.89589998977743
 10
697.8534808239197
 20
379.9159165894546
 10
697.9289109672143
 20
379.93779092565694
 10
698.0037815692765
 20
379.9615098221023
 10
698.0780475308551
 20
379.98705899141436
 10
698.151664116912
 20
380.0144230437288
 10
698.2245869835683
 20
380.0435854959639
 10
698.296772204816
 20
380.0745287817487
 10
698.3681762989769
 20
380.10723426200497
 10
698.4387562548948
 20
380.14168223617435
 10
698.5084695578432
 20
380.17785195408527
 10
698.5772742151353
 20
380.2157216284521
 10
698.6451287814183
 20
380.25526844799913
 10
698.7119923836387
 20
380.29646859120095
 10
698.7778247456628
 20
380.3392972406319
 10
698.8425862125371
 20
380.3837285979149
 10
698.9062377743758
 20
380.4297358992619
 10
698.968741089858
 20
380.47729143159484
 10
699.0300585093237
 20
380.52636654923924
 10
699.0901530974521
 20
380.57693169117925
 10
699.1489886555105
 20
380.62895639886415
 10
699.2065297431586
 20
380.6824093345553
 10
699.262741699797
 20
380.73725830020305
 10
699.3175906654446
 20
380.7934702568414
 10
699.3710436011359
 20
380.85101134448956
 10
699.4230683088208
 20
380.90984690254794
 10
699.4736334507608
 20
380.9699414906763
 10
699.5227085684052
 20
381.031258910142
 10
699.5702641007381
 20
381.09376222562423
 10
699.6162714020851
 20
381.1574137874629
 10
699.6607027593682
 20
381.2221752543373
 10
699.7035314087991
 20
381.2880076163613
 10
699.7447315520009
 20
381.3548712185817
 10
699.7842783715479
 20
381.42272578486467
 10
699.8221480459148
 20
381.49153044215683
 10
699.8583177638257
 20
381.5612437451053
 10
699.892765737995
 20
381.6318237010231
 10
699.9254712182513
 20
381.70322779518403
 10
699.9564145040362
 20
381.7754130164317
 10
699.9855769562712
 20
381.84833588308805
 10
700.0129410085857
 20
381.9219524691449
 10
700.0384901778978
 20
381.99621843072356
 10
700.0622090743431
 20
382.0710890327857
 10
700.0840834105454
 20
382.14651917608035
 10
700.1041000102225
 20
382.2224634243096
 10
700.1222468161233
 20
382.298876031498
 10
700.1385128972903
 20
382.3757109695484
 10
700.1528884556446
 20
382.45292195596704
 10
700.1653648318872
 20
382.53046248174286
 10
700.1759345107158
 20
382.6082858393625
 10
700.1845911253511
 20
382.6863451509454
 10
700.1913294613718
 20
382.7645933964811
 10
700.1961454598566
 20
382.8429834421523
 10
700.1990362198278
 20
382.92146806872665
 10
700.2
 20
383.0
 10
700.1990362198278
 20
383.07853193127335
  0
LWPOLYLINE
  5
4E
330
17
100
AcDbEntity
  8
CUT
100
AcDbPolyline
 90
240
 70
1
 10
725.0
 20
380.0
 10
725.0
 20
386.0
 10
731.0
 20
386.0
 10
731.0
 20
385.3
 10
734.861870907866
 20
385.3
 10
734.8785386455522
 20
385.35261305299167
 10
734.9384195111273
 20
385.52667390044166
 10
735.0025540087395
 20
385.69921277401244
 10
735.0709035061653
 20
385.8701257427382
 10
735.1434268322236
 20
386.0393098550374
 10
735.2200803015742
 20
386.2066632007271
 10
735.3008177410336
 20
386.37208497240954
 10
735.3855905173873
 20
386.535475526195
 10
735.4743475666846
 20
386.6967364417234
 10
735.5670354249979
 20
386.8557705814492
 10
735.6635982606272
 20
387.01248214915324
 10
735.7639779077309
 20
387.166776747647
 10
735.8681139013631
 20
387.31856143563385
 10
735.9759435138951
 20
387.46774478369326
 10
736.0874017928005
 20
387.6142369293547
 10
736.2024215997794
 20
387.75794963122735
 10
736.3209336512014
 20
387.8987963221533
 10
736.4428665598379
 20
388.0366921613526
 10
736.568146877864
 20
388.171554085528
 10
736.6966991411009
 20
388.3033008588991
 10
736.828445914472
 20
388.431853122136
 10
736.9633078386473
 20
388.5571334401622
 10
737.1012036778467
 20
388.67906634879864
 10
737.2420503687727
 20
388.7975784002205
 10
737.3857630706453
 20
388.91259820719955
 10
737.5322552163068
 20
389.0240564861048
 10
737.6814385643662
 20
389.13188609863687
 10
737.833223252353
 20
389.2360220922691
 10
737.9875178508468
 20
389.33640173937283
 10
738.1442294185508
 20
389.432964575002
 10
738.3032635582766
 20
389.5256524333153
 10
738.464524473805
 20
389.61440948261264
 10
738.6279150275905
 20
389.69918225896635
 10
738.7933367992729
 20
389.77991969842583
 10
738.9606901449625
 20
389.8565731677765
 10
739.1298742572618
 20
389.92909649383466
 10
739.3007872259876
 20
389.9974459912605
 10
739.4733260995583
 20
390.06158048887266
 10
739.6473869470083
 20
390.1214613544478
 10
739.8228649205915
 20
390.17705251799157
 10
739.9996543189383
 20
390.2283204934658
 10
740.1776486507255
 20
390.27523439895907
 10
740.3567406988235
 20
390.317765975289
 10
740.536822584879
 20
390.35588960302425
 10
740.7177858342977
 20
390.3895823179171
 10
740.8995214415847
 20
390.41882382473585
 10
741.0819199360059
 20
390.4435965094903
 10
741.2648714475283
 20
390.46388545004146
 10
741.4482657730025
 20
390.4796784250902
 10
741.6319924425444
 20
390.4909659215388
 10
741.8159407860782
 20
390.49774114022154
 10
742.0
 20
390.5
 10
742.1840592139218
 20
390.49774114022154
 10
742.3680075574556
 20
390.4909659215388
 10
742.5517342269975
 20
390.4796784250902
 10
742.7351285524717
 20
390.46388545004146
 10
742.9180800639941
 20
390.4435965094903
 10
743.1004785584153
 20
390.41882382473585
 10
743.2822141657023
 20
390.3895823179171
 10
743.463177415121
 20
390.35588960302425
 10
743.6432593011765
 20
390.317765975289
 10
743.8223513492745
 20
390.27523439895907
 10
744.0003456810617
 20
390.2283204934658
 10
744.1771350794085
 20
390.17705251799157
 10
744.3526130529917
 20
390.1214613544478
 10
744.5266739004417
 20
390.06158048887266
 10
744.6992127740124
 20
389.9974459912605
 10
744.8701257427382
 20
389.92909649383466
 10
745.0393098550375
 20
389.8565731677765
 10
745.2066632007271
 20
389.77991969842583
 10
745.3720849724095
 20
389.69918225896635
 10
745.535475526195
 20
389.61440948261264
 10
745.6967364417234
 20
389.5256524333153
 10
745.8557705814492
 20
389.432964575002
 10
746.0124821491532
 20
389.33640173937283
 10
746.166776747647
 20
389.2360220922691
 10
746.3185614356338
 20
389.13188609863687
 10
746.4677447836932
 20
389.0240564861048
 10
746.6142369293547
 20
388.91259820719955
 10
746.7579496312273
 20
388.7975784002205
 10
746.8987963221533
 20
388.67906634879864
 10
747.0366921613527
 20
388.5571334401622
 10
747.171554085528
 20
388.431853122136
 10
747.3033008588991
 20
388.3033008588991
 10
747.431853122136
 20
388.171554085528
 10
747.5571334401621
 20
388.0366921613526
 10
747.6790663487986
 20
387.8987963221533
 10
747.7975784002206
 20
387.75794963122735
 10
747.9125982071995
 20
387.6142369293547
 10
748.0240564861049
 20
387.46774478369326
 10
748.1318860986369
 20
387.31856143563385
 10
748.2360220922691
 20
387.166776747647
 10
748.3364017393728
 20
387.01248214915324
 10
748.4329645750021
 20
386.8557705814492
 10
748.5256524333154
 20
386.6967364417234
 10
748.6144094826127
 20
386.535475526195
 10
748.6991822589664
 20
386.37208497240954
 10
748.7799196984258
 20
386.2066632007271
 10
748.8565731677764
 20
386.0393098550374
 10
748.9290964938347
 20
385.8701257427382
 10
748.9974459912605
 20
385.69921277401244
 10
749.0615804888727
 20
385.52667390044166
 10
749.1214613544478
 20
385.35261305299167
 10
749.1770525179916
 20
385.17713507940846
 10
749.2283204934658
 20
385.00034568106173
 10
749.2752343989591
 20
384.82235134927447
 10
749.3177659752889
 20
384.6432593011765
 10
749.3558896030243
 20
384.463177415121
 10
749.3895823179171
 20
384.28221416570227
 10
749.4188238247359
 20
384.1004785584152
 10
749.4435965094904
 20
383.9180800639941
 10
749.4638854500415
 20
383.7351285524717
 10
749.4796784250901
 20
383.5517342269975
 10
749.4909659215388
 20
383.36800755745566
 10
749.4977411402215
 20
383.18405921392184
 10
749.5
 20
383.0
 10
749.4977411402215
 20
382.81594078607816
 10
749.4909659215388
 20
382.63199244254434
 10
749.4796784250901
 20
382.4482657730025
 10
749.4638854500415
 20
382.2648714475283
 10
749.4435965094904
 20
382.0819199360059
 10
749.4188238247359
 20
381.8995214415848
 10
749.3895823179171
 20
381.71778583429773
 10
749.3558896030243
 20
381.536822584879
 10
749.3177659752889
 20
381.3567406988235
 10
749.2752343989591
 20
381.17764865072553
 10
749.2283204934658
 20
380.99965431893827
 10
749.1770525179916
 20
380.82286492059154
 10
749.1214613544478
 20
380.64738694700833
 10
749.0615804888727
 20
380.47332609955834
 10
748.9974459912605
 20
380.30078722598756
 10
748.9290964938347
 20
380.1298742572618
 10
748.8565731677764
 20
379.9606901449626
 10
748.7799196984258
 20
379.7933367992729
 10
748.6991822589664
 20
379.62791502759046
 10
748.6144094826127
 20
379.464524473805
 10
748.5256524333154
 20
379.3032635582766
 10
748.4329645750021
 20
379.1442294185508
 10
748.3364017393728
 20
378.98751785084676
 10
748.2360220922691
 20
378.833223252353
 10
748.1318860986369
 20
378.68143856436615
 10
748.0240564861049
 20
378.53225521630674
 10
747.9125982071995
 20
378.3857630706453
 10
747.7975784002206
 20
378.24205036877265
 10
747.6790663487986
 20
378.1012036778467
 10
747.5571334401621
 20
377.9633078386474
 10
747.431853122136
 20
377.828445914472
 10
747.3033008588991
 20
377.6966991411009
 10
747.171554085528
 20
377.568146877864
 10
747.0366921613527
 20
377.4428665598378
 10
746.8987963221533
 20
377.32093365120136
 10
746.7579496312273
 20
377.2024215997795
 10
746.6142369293547
 20
377.08740179280045
 10
746.4677447836932
 20
376.9759435138952
 10
746.3185614356338
 20
376.86811390136313
 10
746.166776747647
 20
376.7639779077309
 10
746.0124821491532
 20
376.6635982606272
 10
745.8557705814492
 20
376.567035424998
 10
745.6967364417234
 20
376.4743475666847
 10
745.535475526195
 20
376.38559051738736
 10
745.3720849724095
 20
376.30081774103365
 10
745.2066632007271
 20
376.22008030157417
 10
745.0393098550375
 20
376.1434268322235
 10
744.8701257427382
 20
376.07090350616534
 10
744.6992127740124
 20
376.0025540087395
 10
744.5266739004417
 20
375.93841951112734
 10
744.3526130529917
 20
375.8785386455522
 10
744.1771350794085
 20
375.82294748200843
 10
744.0003456810617
 20
375.7716795065342
 10
743.8223513492745
 20
375.72476560104093
 10
743.6432593011765
 20
375.682234024711
 10
743.463177415121
 20
375.64411039697575
 10
743.2822141657023
 20
375.6104176820829
 10
743.1004785584153
 20
375.58117617526415
 10
742.9180800639941
 20
375.5564034905097
 10
742.7351285524717
 20
375.53611454995854
 10
742.5517342269975
 20
375.5203215749098
 10
742.3680075574556
 20
375.5090340784612
 10
742.1840592139218
 20
375.50225885977846
 10
742.0
 20
375.5
 10
741.8159407860782
 20
375.50225885977846
 10
741.6319924425444
 20
375.5090340784612
 10
741.4482657730025
 20
375.5203215749098
 10
741.2648714475283
 20
375.53611454995854
 10
741.0819199360059
 20
375.5564034905097
 10
740.8995214415847
 20
375.58117617526415
 10
740.7177858342977
 20
375.6104176820829
 10
740.536822584879
 20
375.64411039697575
 10
740.3567406988235
 20
375.682234024711
 10
740.1776486507255
 20
375.72476560104093
 10
739.9996543189383
 20
375.7716795065342
 10
739.8228649205915
 20
375.82294748200843
 10
739.6473869470083
 20
375.8785386455522
 10
739.4733260995583
 20
375.93841951112734
 10
739.3007872259876
 20
376.0025540087395
 10
739.1298742572618
 20
376.07090350616534
 10
738.9606901449625
 20
376.1434268322235
 10
738.7933367992729
 20
376.22008030157417
 10
738.6279150275905
 20
376.30081774103365
 10
738.464524473805
 20
376.38559051738736
 10
738.3032635582766
 20
376.4743475666847
 10
738.1442294185508
 20
376.567035424998
 10
737.9875178508468
 20
376.66359826062717
 10
737.833223252353
 20
376.7639779077309
 10
737.6814385643662
 20
376.86811390136313
 10
737.5322552163068
 20
376.9759435138952
 10
737.3857630706453
 20
377.08740179280045
 10
737.2420503687727
 20
377.2024215997795
 10
737.1012036778467
 20
377.32093365120136
 10
736.9633078386473
 20
377.4428665598378
 10
736.828445914472
 20
377.568146877864
 10
736.6966991411009
 20
377.6966991411009
 10
736.568146877864
 20
377.828445914472
 10
736.4428665598379
 20
377.9633078386474
 10
736.3209336512014
 20
378.1012036778467
 10
736.2024215997794
 20
378.24205036877265
 10
736.0874017928005
 20
378.3857630706453
 10
735.9759435138951
 20
378.53225521630674
 10
735.8681139013631
 20
378.68143856436615
 10
735.7639779077309
 20
378.833223252353
 10
735.6635982606272
 20
378.98751785084676
 10
735.5670354249979
 20
379.1442294185508
 10
735.4743475666846
 20
379.3032635582766
 10
735.3855905173873
 20
379.464524473805
 10
735.3008177410336
 20
379.62791502759046
 10
735.2200803015742
 20
379.7933367992729
 10
735.1434268322236
 20
379.9606901449626
 10
735.0709035061653
 20
380.1298742572618
 10
735.0025540087395
 20
380.30078722598756
 10
734.9384195111273
 20
380.47332609955834
 10
734.8785386455522
 20
380.64738694700833
 10
734.861870907866
 20
380.7
 10
731.0
 20
380.7
 10
731.0
 20
380.0
 10
725.0
 20
380.0
  0
LWPOLYLINE
  5
4F
330
17
100
AcDbEntity
  8
CUT
100
AcDbPolyline
 90
257
 70
1
 10
745.1990362198278
 20
383.07853193127335
 10
745.1961454598566
 20
383.1570165578477
 10
745.1913294613718
 20
383.2354066035189
 10
745.1845911253511
 20
383.3136548490546
 10
745.1759345107158
 20
383.3917141606375
 10
745.1653648318872
 20
383.46953751825714
 10
745.1528884556446
 20
383.54707804403296
 10
745.1385128972903
 20
383.6242890304516
 10
745.1222468161233
 20
383.701123968502
 10
745.1041000102225
 20
383.7775365756904
 10
745.0840834105454
 20
383.85348082391965
 10
745.0622090743431
 20
383.9289109672143
 10
745.0384901778978
 20
384.00378156927644
 10
745.0129410085857
 20
384.0780475308551
 10
744.9855769562712
 20
384.15166411691195
 10
744.9564145040362
 20
384.2245869835683
 10
744.9254712182513
 20
384.29677220481597
 10
744.892765737995
 20
384.3681762989769
 10
744.8583177638257
 20
384.43875625489477
 10
744.8221480459148
 20
384.50846955784317
 10
744.7842783715479
 20
384.57727421513533
 10
744.7447315520009
 20
384.6451287814183
 10
744.7035314087991
 20
384.7119923836387
 10
744.6607027593682
 20
384.7778247456627
 10
744.6162714020851
 20
384.8425862125371
 10
744.5702641007381
 20
384.90623777437577
 10
744.5227085684052
 20
384.968741089858
 10
744.4736334507608
 20
385.0300585093237
 10
744.4230683088208
 20
385.09015309745206
 10
744.3710436011359
 20
385.14898865551044
 10
744.3175906654446
 20
385.2065297431586
 10
744.262741699797
 20
385.26274169979695
 10
744.2065297431586
 20
385.3175906654447
 10
744.1489886555105
 20
385.37104360113585
 10
744.0901530974521
 20
385.42306830882075
 10
744.0300585093237
 20
385.47363345076076
 10
743.968741089858
 20
385.52270856840516
 10
743.9062377743758
 20
385.5702641007381
 10
743.8425862125371
 20
385.6162714020851
 10
743.7778247456628
 20
385.6607027593681
 10
743.7119923836387
 20
385.70353140879905
 10
743.6451287814183
 20
385.74473155200087
 10
743.5772742151353
 20
385.7842783715479
 10
743.5084695578432
 20
385.82214804591473
 10
743.4387562548948
 20
385.85831776382565
 10
743.3681762989769
 20
385.89276573799503
 10
743.296772204816
 20
385.9254712182513
 10
743.2245869835683
 20
385.9564145040361
 10
743.151664116912
 20
385.9855769562712
 10
743.0780475308551
 20
386.01294100858564
 10
743.0037815692765
 20
386.0384901778977
 10
742.9289109672143
 20
386.06220907434306
 10
742.8534808239197
 20
386.0840834105454
 10
742.7775365756904
 20
386.10410001022257
 10
742.701123968502
 20
386.12224681612327
 10
742.6242890304516
 20
386.13851289729035
 10
742.547078044033
 20
386.1528884556446
 10
742.4695375182572
 20
386.1653648318873
 10
742.3917141606375
 20
386.1759345107159
 10
742.3136548490546
 20
386.184591125351
 10
742.235406603519
 20
386.1913294613718
 10
742.1570165578478
 20
386.19614545985655
 10
742.0785319312733
 20
386.19903621982786
 10
742.0
 20
386.2
 10
741.9214680687267
 20
386.19903621982786
 10
741.8429834421522
 20
386.19614545985655
 10
741.764593396481
 20
386.1913294613718
 10
741.6863451509454
 20
386.184591125351
 10
741.6082858393625
 20
386.1759345107159
 10
741.5304624817428
 20
386.1653648318873
 10
741.452921955967
 20
386.1528884556446
 10
741.3757109695484
 20
386.13851289729035
 10
741.298876031498
 20
386.12224681612327
 10
741.2224634243096
 20
386.10410001022257
 10
741.1465191760803
 20
386.0840834105454
 10
741.0710890327857
 20
386.06220907434306
 10
740.9962184307235
 20
386.0384901778977
 10
740.9219524691449
 20
386.01294100858564
 10
740.848335883088
 20
385.9855769562712
 10
740.7754130164317
 20
385.9564145040361
 10
740.703227795184
 20
385.9254712182513
 10
740.6318237010231
 20
385.89276573799503
 10
740.5612437451052
 20
385.85831776382565
 10
740.4915304421568
 20
385.82214804591473
 10
740.4227257848647
 20
385.7842783715479
 10
740.3548712185817
 20
385.74473155200087
 10
740.2880076163613
 20
385.70353140879905
 10
740.2221752543372
 20
385.6607027593681
 10
740.1574137874629
 20
385.6162714020851
 10
740.0937622256242
 20
385.5702641007381
 10
740.031258910142
 20
385.52270856840516
 10
739.9699414906763
 20
385.47363345076076
 10
739.9098469025479
 20
385.42306830882075
 10
739.8510113444895
 20
385.37104360113585
 10
739.7934702568414
 20
385.3175906654447
 10
739.737258300203
 20
385.26274169979695
 10
739.6824093345554
 20
385.2065297431586
 10
739.6289563988641
 20
385.14898865551044
 10
739.5769316911792
 20
385.09015309745206
 10
739.5263665492392
 20
385.0300585093237
 10
739.4772914315948
 20
384.968741089858
 10
739.4297358992619
 20
384.90623777437577
 10
739.3837285979149
 20
384.8425862125371
 10
739.3392972406318
 20
384.7778247456627
 10
739.2964685912009
 20
384.7119923836387
 10
739.2552684479991
 20
384.6451287814183
 10
739.2157216284521
 20
384.57727421513533
 10
739.1778519540852
 20
384.50846955784317
 10
739.1416822361743
 20
384.43875625489477
 10
739.107234262005
 20
384.3681762989769
 10
739.0745287817487
 20
384.29677220481597
 10
739.0435854959638
 20
384.2245869835683
 10
739.0144230437288
 20
384.15166411691195
 10
738.9870589914143
 20
384.0780475308551
 10
738.9615098221022
 20
384.00378156927644
 10
738.9377909256569
 20
383.9289109672143
 10
738.9159165894546
 20
383.85348082391965
 10
738.8958999897775
 20
383.7775365756904
 10
738.8777531838767
 20
383.701123968502
 10
738.8614871027097
 20
383.6242890304516
 10
738.8471115443554
 20
383.54707804403296
 10
738.8346351681128
 20
383.46953751825714
 10
738.8240654892842
 20
383.3917141606375
 10
738.8154088746489
 20
383.3136548490546
 10
738.8086705386282
 20
383.2354066035189
 10
738.8038545401434
 20
383.1570165578477
 10
738.8009637801722
 20
383.07853193127335
 10
738.8
 20
383.0
 10
738.8009637801722
 20
382.92146806872665
 10
738.8038545401434
 20
382.8429834421523
 10
738.8086705386282
 20
382.7645933964811
 10
738.8154088746489
 20
382.6863451509454
 10
738.8240654892842
 20
382.6082858393625
 10
738.8346351681128
 20
382.53046248174286
 10
738.8471115443554
 20
382.45292195596704
 10
738.8614871027097
 20
382.3757109695484
 10
738.8777531838767
 20
382.298876031498
 10
738.8958999897775
 20
382.2224634243096
 10
738.9159165894546
 20
382.14651917608035
 10
738.9377909256569
 20
382.0710890327857
 10
738.9615098221022
 20
381.99621843072356
 10
738.9870589914143
 20
381.9219524691449
 10
739.0144230437288
 20
381.84833588308805
 10
739.0435854959638
 20
381.7754130164317
 10
739.0745287817487
 20
381.70322779518403
 10
739.107234262005
 20
381.6318237010231
 10
739.1416822361743
 20
381.56124374510523
 10
739.1778519540852
 20
381.49153044215683
 10
739.2157216284521
 20
381.42272578486467
 10
739.2552684479991
 20
381.3548712185817
 10
739.2964685912009
 20
381.2880076163613
 10
739.3392972406318
 20
381.2221752543373
 10
739.3837285979149
 20
381.1574137874629
 10
739.4297358992619
 20
381.09376222562423
 10
739.4772914315948
 20
381.031258910142
 10
739.5263665492392
 20
380.9699414906763
 10
739.5769316911792
 20
380.90984690254794
 10
739.6289563988641
 20
380.85101134448956
 10
739.6824093345554
 20
380.7934702568414
 10
739.737258300203
 20
380.73725830020305
 10
739.7934702568414
 20
380.6824093345553
 10
739.8510113444895
 20
380.62895639886415
 10
739.9098469025479
 20
380.57693169117925
 10
739.9699414906763
 20
380.52636654923924
 10
740.031258910142
 20
380.47729143159484
 10
740.0937622256242
 20
380.4297358992619
 10
740.1574137874629
 20
380.3837285979149
 10
740.2221752543372
 20
380.3392972406319
 10
740.2880076163613
 20
380.29646859120095
 10
740.3548712185817
 20
380.25526844799913
 10
740.4227257848647
 20
380.2157216284521
 10
740.4915304421568
 20
380.17785195408527
 10
740.5612437451052
 20
380.14168223617435
 10
740.6318237010231
 20
380.10723426200497
 10
740.703227795184
 20
380.0745287817487
 10
740.7754130164317
 20
380.0435854959639
 10
740.848335883088
 20
380.0144230437288
 10
740.9219524691449
 20
379.98705899141436
 10
740.9962184307235
 20
379.9615098221023
 10
741.0710890327857
 20
379.93779092565694
 10
741.1465191760803
 20
379.9159165894546
 10
741.2224634243096
 20
379.89589998977743
 10
741.298876031498
 20
379.87775318387673
 10
741.3757109695484
 20
379.86148710270965
 10
741.452921955967
 20
379.8471115443554
 10
741.5304624817428
 20
379.8346351681127
 10
741.6082858393625
 20
379.8240654892841
 10
741.6863451509454
 20
379.815408874649
 10
741.764593396481
 20
379.8086705386282
 10
741.8429834421522
 20
379.80385454014345
 10
741.9214680687267
 20
379.80096378017214
 10
742.0
 20
379.8
 10
742.0785319312733
 20
379.80096378017214
 10
742.1570165578478
 20
379.80385454014345
 10
742.235406603519
 20
379.8086705386282
 10
742.3136548490546
 20
379.815408874649
 10
742.3917141606375
 20
379.8240654892841
 10
742.4695375182572
 20
379.8346351681127
 10
742.547078044033
 20
379.8471115443554
 10
742.6242890304516
 20
379.86148710270965
 10
742.701123968502
 20
379.87775318387673
 10
742.7775365756904
 20
379.89589998977743
 10
742.8534808239197
 20
379.9159165894546
 10
742.9289109672143
 20
379.93779092565694
 10
743.0037815692765
 20
379.9615098221023
 10
743.0780475308551
 20
379.98705899141436
 10
743.151664116912
 20
380.0144230437288
 10
743.2245869835683
 20
380.0435854959639
 10
743.296772204816
 20
380.0745287817487
 10
743.3681762989769
 20
380.10723426200497
 10
743.4387562548948
 20
380.14168223617435
 10
743.5084695578432
 20
380.17785195408527
 10
743.5772742151353
 20
380.2157216284521
 10
743.6451287814183
 20
380.25526844799913
 10
743.7119923836387
 20
380.29646859120095
 10
743.7778247456628
 20
380.3392972406319
 10
743.8425862125371
 20
380.3837285979149
 10
743.9062377743758
 20
380.4297358992619
 10
743.968741089858
 20
380.47729143159484
 10
744.0300585093237
 20
380.52636654923924
 10
744.0901530974521
 20
380.57693169117925
 10
744.1489886555105
 20
380.62895639886415
 10
744.2065297431586
 20
380.6824093345553
 10
744.262741699797
 20
380.73725830020305
 10
744.3175906654446
 20
380.7934702568414
 10
744.3710436011359
 20
380.85101134448956
 10
744.4230683088208
 20
380.90984690254794
 10
744.4736334507608
 20
380.9699414906763
 10
744.5227085684052
 20
381.031258910142
 10
744.5702641007381
 20
381.09376222562423
 10
744.6162714020851
 20
381.1574137874629
 10
744.6607027593682
 20
381.2221752543373
 10
744.7035314087991
 20
381.2880076163613
 10
744.7447315520009
 20
381.3548712185817
 10
744.7842783715479
 20
381.42272578486467
 10
744.8221480459148
 20
381.49153044215683
 10
744.8583177638257
 20
381.5612437451053
 10
744.892765737995
 20
381.6318237010231
 10
744.9254712182513
 20
381.70322779518403
 10
744.9564145040362
 20
381.7754130164317
 10
744.9855769562712
 20
381.84833588308805
 10
745.0129410085857
 20
381.9219524691449
 10
745.0384901778978
 20
381.99621843072356
 10
745.0622090743431
 20
382.0710890327857
 10
745.0840834105454
 20
382.14651917608035
 10
745.1041000102225
 20
382.2224634243096
 10
745.1222468161233
 20
382.298876031498
 10
745.1385128972903
 20
382.3757109695484
 10
745.1528884556446
 20
382.45292195596704
 10
745.1653648318872
 20
382.53046248174286
 10
745.1759345107158
 20
382.6082858393625
 10
745.1845911253511
 20
382.6863451509454
 10
745.1913294613718
 20
382.7645933964811
 10
745.1961454598566
 20
382.8429834421523
 10
745.1990362198278
 20
382.92146806872665
 10
745.2
 20
383.0
 10
745.1990362198278
 20
383.07853193127335
  0
LWPOLYLINE
  5
50
330
17
100
AcDbEntity
  8
CUT
100
AcDbPolyline
 90
257
 70
1
 10
782.4977411402215
 20
389.81594078607816
 10
782.4909659215388
 20
389.63199244254434
 10
782.4796784250901
 20
389.4482657730025
 10
782.4638854500415
 20
389.2648714475283
 10
782.4435965094904
 20
389.0819199360059
 10
782.4188238247359
 20
388.8995214415848
 10
782.3895823179171
 20
388.71778583429773
 10
782.3558896030243
 20
388.536822584879
 10
782.3177659752889
 20
388.3567406988235
 10
782.2752343989591
 20
388.17764865072553
 10
782.2283204934658
 20
387.99965431893827
 10
782.1770525179916
 20
387.82286492059154
 10
782.1214613544478
 20
387.64738694700833
 10
782.0615804888727
 20
387.47332609955834
 10
781.9974459912605
 20
387.30078722598756
 10
781.9290964938347
 20
387.1298742572618
 10
781.8565731677764
 20
386.9606901449626
 10
781.7799196984258
 20
386.7933367992729
 10
781.6991822589664
 20
386.62791502759046
 10
781.6144094826127
 20
386.464524473805
 10
781.5256524333154
 20
386.3032635582766
 10
781.4329645750021
 20
386.1442294185508
 10
781.3364017393728
 20
385.98751785084676
 10
781.2360220922691
 20
385.833223252353
 10
781.1318860986369
 20
385.68143856436615
 10
781.0240564861049
 20
385.53225521630674
 10
780.9125982071995
 20
385.3857630706453
 10
780.7975784002206
 20
385.24205036877265
 10
780.6790663487986
 20
385.1012036778467
 10
780.5571334401621
 20
384.9633078386474
 10
780.431853122136
 20
384.828445914472
 10
780.3033008588991
 20
384.6966991411009
 10
780.171554085528
 20
384.568146877864
 10
780.0366921613527
 20
384.4428665598378
 10
779.8987963221533
 20
384.32093365120136
 10
779.7579496312273
 20
384.2024215997795
 10
779.6142369293547
 20
384.08740179280045
 10
779.4677447836932
 20
383.9759435138952
 10
779.3185614356338
 20
383.86811390136313
 10
779.166776747647
 20
383.7639779077309
 10
779.0124821491532
 20
383.6635982606272
 10
778.8557705814492
 20
383.567035424998
 10
778.6967364417234
 20
383.4743475666847
 10
778.535475526195
 20
383.38559051738736
 10
778.3720849724095
 20
383.30081774103365
 10
778.2066632007271
 20
383.22008030157417
 10
778.0393098550375
 20
383.1434268322235
 10
777.8701257427382
 20
383.07090350616534
 10
777.6992127740124
 20
383.0025540087395
 10
777.5266739004417
 20
382.93841951112734
 10
777.3526130529917
 20
382.8785386455522
 10
777.1771350794085
 20
382.82294748200843
 10
777.0003456810617
 20
382.7716795065342
 10
776.8223513492745
 20
382.72476560104093
 10
776.6432593011765
 20
382.682234024711
 10
776.463177415121
 20
382.64411039697575
 10
776.2822141657023
 20
382.6104176820829
 10
776.1004785584153
 20
382.58117617526415
 10
775.9180800639941
 20
382.5564034905097
 10
775.7351285524717
 20
382.53611454995854
 10
775.5517342269975
 20
382.5203215749098
 10
775.3680075574556
 20
382.5090340784612
 10
775.1840592139218
 20
382.50225885977846
 10
775.0
 20
382.5
 10
774.8159407860782
 20
382.50225885977846
 10
774.6319924425444
 20
382.5090340784612
 10
774.4482657730025
 20
382.5203215749098
 10
774.2648714475283
 20
382.53611454995854
 10
774.0819199360059
 20
382.5564034905097
 10
773.8995214415847
 20
382.58117617526415
 10
773.7177858342977
 20
382.6104176820829
 10
773.536822584879
 20
382.64411039697575
 10
773.3567406988235
 20
382.682234024711
 10
773.1776486507255
 20
382.72476560104093
 10
772.9996543189383
 20
382.7716795065342
 10
772.8228649205915
 20
382.82294748200843
 10
772.6473869470083
 20
382.8785386455522
 10
772.4733260995583
 20
382.93841951112734
 10
772.3007872259876
 20
383.0025540087395
 10
772.1298742572618
 20
383.07090350616534
 10
771.9606901449625
 20
383.1434268322235
 10
771.7933367992729
 20
383.22008030157417
 10
771.6279150275905
 20
383.30081774103365
 10
771.464524473805
 20
383.38559051738736
 10
771.3032635582766
 20
383.4743475666847
 10
771.1442294185508
 20
383.567035424998
 10
770.9875178508468
 20
383.66359826062717
 10
770.833223252353
 20
383.7639779077309
 10
770.6814385643662
 20
383.86811390136313
 10
770.5322552163068
 20
383.9759435138952
 10
770.3857630706453
 20
384.08740179280045
 10
770.2420503687727
 20
384.2024215997795
 10
770.1012036778467
 20
384.32093365120136
 10
769.9633078386473
 20
384.4428665598378
 10
769.828445914472
 20
384.568146877864
 10
769.6966991411009
 20
384.6966991411009
 10
769.568146877864
 20
384.828445914472
 10
769.4428665598379
 20
384.9633078386474
 10
769.3209336512014
 20
385.1012036778467
 10
769.2024215997794
 20
385.24205036877265
 10
769.0874017928005
 20
385.3857630706453
 10
768.9759435138951
 20
385.53225521630674
 10
768.8681139013631
 20
385.68143856436615
 10
768.7639779077309
 20
385.833223252353
 10
768.6635982606272
 20
385.98751785084676
 10
768.5670354249979
 20
386.1442294185508
 10
768.4743475666846
 20
386.3032635582766
 10
768.3855905173873
 20
386.464524473805
 10
768.3008177410336
 20
386.62791502759046
 10
768.2200803015742
 20
386.7933367992729
 10
768.1434268322236
 20
386.9606901449626
 10
768.0709035061653
 20
387.1298742572618
 10
768.0025540087395
 20
387.30078722598756
 10
767.9384195111273
 20
387.47332609955834
 10
767.8785386455522
 20
387.64738694700833
 10
767.8229474820084
 20
387.82286492059154
 10
767.7716795065342
 20
387.99965431893827
 10
767.7247656010409
 20
388.17764865072553
 10
767.6822340247111
 20
388.3567406988235
 10
767.6441103969757
 20
388.536822584879
 10
767.6104176820829
 20
388.71778583429773
 10
767.5811761752641
 20
388.8995214415848
 10
767.5564034905096
 20
389.0819199360059
 10
767.5361145499585
 20
389.2648714475283
 10
767.5203215749099
 20
389.4482657730025
 10
767.5090340784612
 20
389.63199244254434
 10
767.5022588597785
 20
389.81594078607816
 10
767.5
 20
390.0
 10
767.5022588597785
 20
390.18405921392184
 10
767.5090340784612
 20
390.36800755745566
 10
767.5203215749099
 20
390.5517342269975
 10
767.5361145499585
 20
390.7351285524717
 10
767.5564034905096
 20
390.9180800639941
 10
767.5811761752641
 20
391.1004785584152
 10
767.6104176820829
 20
391.28221416570227
 10
767.6441103969757
 20
391.463177415121
 10
767.6822340247111
 20
391.6432593011765
 10
767.7247656010409
 20
391.82235134927447
 10
767.7716795065342
 20
392.00034568106173
 10
767.8229474820084
 20
392.17713507940846
 10
767.8785386455522
 20
392.35261305299167
 10
767.9384195111273
 20
392.52667390044166
 10
768.0025540087395
 20
392.69921277401244
 10
768.0709035061653
 20
392.8701257427382
 10
768.1434268322236
 20
393.0393098550374
 10
768.2200803015742
 20
393.2066632007271
 10
768.3008177410336
 20
393.37208497240954
 10
768.3855905173873
 20
393.535475526195
 10
768.4743475666846
 20
393.6967364417234
 10
768.5670354249979
 20
393.8557705814492
 10
768.6635982606272
 20
394.01248214915324
 10
768.7639779077309
 20
394.166776747647
 10
768.8681139013631
 20
394.31856143563385
 10
768.9759435138951
 20
394.46774478369326
 10
769.0874017928005
 20
394.6142369293547
 10
769.2024215997794
 20
394.75794963122735
 10
769.3209336512014
 20
394.8987963221533
 10
769.4428665598379
 20
395.0366921613526
 10
769.568146877864
 20
395.171554085528
 10
769.6966991411009
 20
395.3033008588991
 10
769.828445914472
 20
395.431853122136
 10
769.9633078386473
 20
395.5571334401622
 10
770.1012036778467
 20
395.67906634879864
 10
770.2420503687727
 20
395.7975784002205
 10
770.3857630706453
 20
395.91259820719955
 10
770.5322552163068
 20
396.0240564861048
 10
770.6814385643662
 20
396.13188609863687
 10
770.833223252353
 20
396.2360220922691
 10
770.9875178508468
 20
396.3364017393728
 10
771.1442294185508
 20
396.432964575002
 10
771.3032635582766
 20
396.5256524333153
 10
771.464524473805
 20
396.61440948261264
 10
771.6279150275905
 20
396.69918225896635
 10
771.7933367992729
 20
396.77991969842583
 10
771.9606901449625
 20
396.8565731677765
 10
772.1298742572618
 20
396.92909649383466
 10
772.3007872259876
 20
396.9974459912605
 10
772.4733260995583
 20
397.06158048887266
 10
772.6473869470083
 20
397.1214613544478
 10
772.8228649205915
 20
397.17705251799157
 10
772.9996543189383
 20
397.2283204934658
 10
773.1776486507255
 20
397.27523439895907
 10
773.3567406988235
 20
397.317765975289
 10
773.536822584879
 20
397.35588960302425
 10
773.7177858342977
 20
397.3895823179171
 10
773.8995214415847
 20
397.41882382473585
 10
774.0819199360059
 20
397.4435965094903
 10
774.2648714475283
 20
397.46388545004146
 10
774.4482657730025
 20
397.4796784250902
 10
774.6319924425444
 20
397.4909659215388
 10
774.8159407860782
 20
397.49774114022154
 10
775.0
 20
397.5
 10
775.1840592139218
 20
397.49774114022154
 10
775.3680075574556
 20
397.4909659215388
 10
775.5517342269975
 20
397.4796784250902
 10
775.7351285524717
 20
397.46388545004146
 10
775.9180800639941
 20
397.4435965094903
 10
776.1004785584153
 20
397.41882382473585
 10
776.2822141657023
 20
397.3895823179171
 10
776.463177415121
 20
397.35588960302425
 10
776.6432593011765
 20
397.317765975289
 10
776.8223513492745
 20
397.27523439895907
 10
777.0003456810617
 20
397.2283204934658
 10
777.1771350794085
 20
397.17705251799157
 10
777.3526130529917
 20
397.1214613544478
 10
777.5266739004417
 20
397.06158048887266
 10
777.6992127740124
 20
396.9974459912605
 10
777.8701257427382
 20
396.92909649383466
 10
778.0393098550375
 20
396.8565731677765
 10
778.2066632007271
 20
396.77991969842583
 10
778.3720849724095
 20
396.69918225896635
 10
778.535475526195
 20
396.61440948261264
 10
778.6967364417234
 20
396.5256524333153
 10
778.8557705814492
 20
396.432964575002
 10
779.0124821491532
 20
396.33640173937283
 10
779.166776747647
 20
396.2360220922691
 10
779.3185614356338
 20
396.13188609863687
 10
779.4677447836932
 20
396.0240564861048
 10
779.6142369293547
 20
395.91259820719955
 10
779.7579496312273
 20
395.7975784002205
 10
779.8987963221533
 20
395.67906634879864
 10
780.0366921613527
 20
395.5571334401622
 10
780.171554085528
 20
395.431853122136
 10
780.3033008588991
 20
395.3033008588991
 10
780.431853122136
 20
395.171554085528
 10
780.5571334401621
 20
395.0366921613526
 10
780.6790663487986
 20
394.8987963221533
 10
780.7975784002206
 20
394.75794963122735
 10
780.9125982071995
 20
394.6142369293547
 10
781.0240564861049
 20
394.46774478369326
 10
781.1318860986369
 20
394.31856143563385
 10
781.2360220922691
 20
394.166776747647
 10
781.3364017393728
 20
394.01248214915324
 10
781.4329645750021
 20
393.8557705814492
 10
781.5256524333154
 20
393.6967364417234
 10
781.6144094826127
 20
393.535475526195
 10
781.6991822589664
 20
393.37208497240954
 10
781.7799196984258
 20
393.2066632007271
 10
781.8565731677764
 20
393.0393098550374
 10
781.9290964938347
 20
392.8701257427382
 10
781.9974459912605
 20
392.69921277401244
 10
782.0615804888727
 20
392.52667390044166
 10
782.1214613544478
 20
392.35261305299167
 10
782.1770525179916
 20
392.17713507940846
 10
782.2283204934658
 20
392.00034568106173
 10
782.2752343989591
 20
391.82235134927447
 10
782.3177659752889
 20
391.6432593011765
 10
782.3558896030243
 20
391.463177415121
 10
782.3895823179171
 20
391.28221416570227
 10
782.4188238247359
 20
391.1004785584152
 10
782.4435965094904
 20
390.9180800639941
 10
782.4638854500415
 20
390.7351285524717
 10
782.4796784250901
 20
390.5517342269975
 10
782.4909659215388
 20
390.36800755745566
 10
782.4977411402215
 20
390.18405921392184
 10
782.5
 20
390.0
 10
782.4977411402215
 20
389.81594078607816
  0
LWPOLYLINE
  5
51
330
17
100
AcDbEntity
  8
CUT
100
AcDbPolyline
 90
257
 70
1
 10
778.1990362198278
 20
390.07853193127335
 10
778.1961454598566
 20
390.1570165578477
 10
778.1913294613718
 20
390.2354066035189
 10
778.1845911253511
 20
390.3136548490546
 10
778.1759345107158
 20
390.3917141606375
 10
778.1653648318872
 20
390.46953751825714
 10
778.1528884556446
 20
390.54707804403296
 10
778.1385128972903
 20
390.6242890304516
 10
778.1222468161233
 20
390.701123968502
 10
778.1041000102225
 20
390.7775365756904
 10
778.0840834105454
 20
390.85348082391965
 10
778.0622090743431
 20
390.9289109672143
 10
778.0384901778978
 20
391.00378156927644
 10
778.0129410085857
 20
391.0780475308551
 10
777.9855769562712
 20
391.15166411691195
 10
777.9564145040362
 20
391.2245869835683
 10
777.9254712182513
 20
391.29677220481597
 10
777.892765737995
 20
391.3681762989769
 10
777.8583177638257
 20
391.43875625489477
 10
777.8221480459148
 20
391.50846955784317
 10
777.7842783715479
 20
391.57727421513533
 10
777.7447315520009
 20
391.6451287814183
 10
777.7035314087991
 20
391.7119923836387
 10
777.6607027593682
 20
391.7778247456627
 10
777.6162714020851
 20
391.8425862125371
 10
777.5702641007381
 20
391.90623777437577
 10
777.5227085684052
 20
391.968741089858
 10
777.4736334507608
 20
392.0300585093237
 10
777.4230683088208
 20
392.09015309745206
 10
777.3710436011359
 20
392.14898865551044
 10
777.3175906654446
 20
392.2065297431586
 10
777.262741699797
 20
392.26274169979695
 10
777.2065297431586
 20
392.3175906654447
 10
777.1489886555105
 20
392.37104360113585
 10
777.0901530974521
 20
392.42306830882075
 10
777.0300585093237
 20
392.47363345076076
 10
776.968741089858
 20
392.52270856840516
 10
776.9062377743758
 20
392.5702641007381
 10
776.8425862125371
 20
392.6162714020851
 10
776.7778247456628
 20
392.6607027593681
 10
776.7119923836387
 20
392.70353140879905
 10
776.6451287814183
 20
392.74473155200087
 10
776.5772742151353
 20
392.7842783715479
 10
776.5084695578432
 20
392.82214804591473
 10
776.4387562548948
 20
392.85831776382565
 10
776.3681762989769
 20
392.89276573799503
 10
776.296772204816
 20
392.9254712182513
 10
776.2245869835683
 20
392.9564145040361
 10
776.151664116912
 20
392.9855769562712
 10
776.0780475308551
 20
393.01294100858564
 10
776.0037815692765
 20
393.0384901778977
 10
775.9289109672143
 20
393.06220907434306
 10
775.8534808239197
 20
393.0840834105454
 10
775.7775365756904
 20
393.10410001022257
 10
775.701123968502
 20
393.12224681612327
 10
775.6242890304516
 20
393.13851289729035
 10
775.547078044033
 20
393.1528884556446
 10
775.4695375182572
 20
393.1653648318873
 10
775.3917141606374
 20
393.1759345107159
 10
775.3136548490546
 20
393.184591125351
 10
775.235406603519
 20
393.1913294613718
 10
775.1570165578478
 20
393.19614545985655
 10
775.0785319312733
 20
393.19903621982786
 10
775.0
 20
393.2
 10
774.9214680687267
 20
393.19903621982786
 10
774.8429834421522
 20
393.19614545985655
 10
774.764593396481
 20
393.1913294613718
 10
774.6863451509454
 20
393.184591125351
 10
774.6082858393626
 20
393.1759345107159
 10
774.5304624817428
 20
393.1653648318873
 10
774.452921955967
 20
393.1528884556446
 10
774.3757109695484
 20
393.13851289729035
 10
774.298876031498
 20
393.12224681612327
 10
774.2224634243096
 20
393.10410001022257
 10
774.1465191760803
 20
393.0840834105454
 10
774.0710890327857
 20
393.06220907434306
 10
773.9962184307235
 20
393.0384901778977
 10
773.9219524691449
 20
393.01294100858564
 10
773.848335883088
 20
392.9855769562712
 10
773.7754130164317
 20
392.9564145040361
 10
773.703227795184
 20
392.9254712182513
 10
773.6318237010231
 20
392.89276573799503
 10
773.5612437451052
 20
392.85831776382565
 10
773.4915304421568
 20
392.82214804591473
 10
773.4227257848647
 20
392.7842783715479
 10
773.3548712185817
 20
392.74473155200087
 10
773.2880076163613
 20
392.70353140879905
 10
773.2221752543372
 20
392.6607027593681
 10
773.1574137874629
 20
392.6162714020851
 10
773.0937622256242
 20
392.5702641007381
 10
773.031258910142
 20
392.52270856840516
 10
772.9699414906763
 20
392.47363345076076
 10
772.9098469025479
 20
392.42306830882075
 10
772.8510113444895
 20
392.37104360113585
 10
772.7934702568414
 20
392.3175906654447
 10
772.737258300203
 20
392.26274169979695
 10
772.6824093345554
 20
392.2065297431586
 10
772.6289563988641
 20
392.14898865551044
 10
772.5769316911792
 20
392.09015309745206
 10
772.5263665492392
 20
392.0300585093237
 10
772.4772914315948
 20
391.968741089858
 10
772.4297358992619
 20
391.90623777437577
 10
772.3837285979149
 20
391.8425862125371
 10
772.3392972406318
 20
391.7778247456627
 10
772.2964685912009
 20
391.7119923836387
 10
772.2552684479991
 20
391.6451287814183
 10
772.2157216284521
 20
391.57727421513533
 10
772.1778519540852
 20
391.50846955784317
 10
772.1416822361743
 20
391.43875625489477
 10
772.107234262005
 20
391.3681762989769
 10
772.0745287817487
 20
391.29677220481597
 10
772.0435854959638
 20
391.2245869835683
 10
772.0144230437288
 20
391.15166411691195
 10
771.9870589914143
 20
391.0780475308551
 10
771.9615098221022
 20
391.00378156927644
 10
771.9377909256569
 20
390.9289109672143
 10
771.9159165894546
 20
390.85348082391965
 10
771.8958999897775
 20
390.7775365756904
 10
771.8777531838767
 20
390.701123968502
 10
771.8614871027097
 20
390.6242890304516
 10
771.8471115443554
 20
390.54707804403296
 10
771.8346351681128
 20
390.46953751825714
 10
771.8240654892842
 20
390.3917141606375
 10
771.8154088746489
 20
390.3136548490546
 10
771.8086705386282
 20
390.2354066035189
 10
771.8038545401434
 20
390.1570165578477
 10
771.8009637801722
 20
390.07853193127335
 10
771.8
 20
390.0
 10
771.8009637801722
 20
389.92146806872665
 10
771.8038545401434
 20
389.8429834421523
 10
771.8086705386282
 20
389.7645933964811
 10
771.8154088746489
 20
389.6863451509454
 10
771.8240654892842
 20
389.6082858393625
 10
771.8346351681128
 20
389.53046248174286
 10
771.8471115443554
 20
389.45292195596704
 10
771.8614871027097
 20
389.3757109695484
 10
771.8777531838767
 20
389.298876031498
 10
771.8958999897775
 20
389.2224634243096
 10
771.9159165894546
 20
389.14651917608035
 10
771.9377909256569
 20
389.0710890327857
 10
771.9615098221022
 20
388.99621843072356
 10
771.9870589914143
 20
388.9219524691449
 10
772.0144230437288
 20
388.84833588308805
 10
772.0435854959638
 20
388.7754130164317
 10
772.0745287817487
 20
388.70322779518403
 10
772.107234262005
 20
388.6318237010231
 10
772.1416822361743
 20
388.56124374510523
 10
772.1778519540852
 20
388.49153044215683
 10
772.2157216284521
 20
388.42272578486467
 10
772.2552684479991
 20
388.3548712185817
 10
772.2964685912009
 20
388.2880076163613
 10
772.3392972406318
 20
388.2221752543373
 10
772.3837285979149
 20
388.1574137874629
 10
772.4297358992619
 20
388.09376222562423
 10
772.4772914315948
 20
388.031258910142
 10
772.5263665492392
 20
387.9699414906763
 10
772.5769316911792
 20
387.90984690254794
 10
772.6289563988641
 20
387.85101134448956
 10
772.6824093345554
 20
387.7934702568414
 10
772.737258300203
 20
387.73725830020305
 10
772.7934702568414
 20
387.6824093345553
 10
772.8510113444895
 20
387.62895639886415
 10
772.9098469025479
 20
387.57693169117925
 10
772.9699414906763
 20
387.52636654923924
 10
773.031258910142
 20
387.47729143159484
 10
773.0937622256242
 20
387.4297358992619
 10
773.1574137874629
 20
387.3837285979149
 10
773.2221752543372
 20
387.3392972406319
 10
773.2880076163613
 20
387.29646859120095
 10
773.3548712185817
 20
387.25526844799913
 10
773.4227257848647
 20
387.2157216284521
 10
773.4915304421568
 20
387.17785195408527
 10
773.5612437451052
 20
387.14168223617435
 10
773.6318237010231
 20
387.10723426200497
 10
773.703227795184
 20
387.0745287817487
 10
773.7754130164317
 20
387.0435854959639
 10
773.848335883088
 20
387.0144230437288
 10
773.9219524691449
 20
386.98705899141436
 10
773.9962184307235
 20
386.9615098221023
 10
774.0710890327857
 20
386.93779092565694
 10
774.1465191760803
 20
386.9159165894546
 10
774.2224634243096
 20
386.89589998977743
 10
774.298876031498
 20
386.87775318387673
 10
774.3757109695484
 20
386.86148710270965
 10
774.452921955967
 20
386.8471115443554
 10
774.5304624817428
 20
386.8346351681127
 10
774.6082858393625
 20
386.8240654892841
 10
774.6863451509454
 20
386.815408874649
 10
774.764593396481
 20
386.8086705386282
 10
774.8429834421522
 20
386.80385454014345
 10
774.9214680687267
 20
386.80096378017214
 10
775.0
 20
386.8
 10
775.0785319312733
 20
386.80096378017214
 10
775.1570165578478
 20
386.80385454014345
 10
775.235406603519
 20
386.8086705386282
 10
775.3136548490546
 20
386.815408874649
 10
775.3917141606375
 20
386.8240654892841
 10
775.4695375182572
 20
386.8346351681127
 10
775.547078044033
 20
386.8471115443554
 10
775.6242890304516
 20
386.86148710270965
 10
775.701123968502
 20
386.87775318387673
 10
775.7775365756904
 20
386.89589998977743
 10
775.8534808239197
 20
386.9159165894546
 10
775.9289109672143
 20
386.93779092565694
 10
776.0037815692765
 20
386.9615098221023
 10
776.0780475308551
 20
386.98705899141436
 10
776.151664116912
 20
387.0144230437288
 10
776.2245869835683
 20
387.0435854959639
 10
776.296772204816
 20
387.0745287817487
 10
776.3681762989769
 20
387.10723426200497
 10
776.4387562548948
 20
387.14168223617435
 10
776.5084695578432
 20
387.17785195408527
 10
776.5772742151353
 20
387.2157216284521
 10
776.6451287814183
 20
387.25526844799913
 10
776.7119923836387
 20
387.29646859120095
 10
776.7778247456628
 20
387.3392972406319
 10
776.8425862125371
 20
387.3837285979149
 10
776.9062377743758
 20
387.4297358992619
 10
776.968741089858
 20
387.47729143159484
 10
777.0300585093237
 20
387.52636654923924
 10
777.0901530974521
 20
387.57693169117925
 10
777.1489886555105
 20
387.62895639886415
 10
777.2065297431586
 20
387.6824093345553
 10
777.262741699797
 20
387.73725830020305
 10
777.3175906654446
 20
387.7934702568414
 10
777.3710436011359
 20
387.85101134448956
 10
777.4230683088208
 20
387.90984690254794
 10
777.4736334507608
 20
387.9699414906763
 10
777.5227085684052
 20
388.031258910142
 10
777.5702641007381
 20
388.09376222562423
 10
777.6162714020851
 20
388.1574137874629
 10
777.6607027593682
 20
388.2221752543373
 10
777.7035314087991
 20
388.2880076163613
 10
777.7447315520009
 20
388.3548712185817
 10
777.7842783715479
 20
388.42272578486467
 10
777.8221480459148
 20
388.49153044215683
 10
777.8583177638257
 20
388.5612437451053
 10
777.892765737995
 20
388.6318237010231
 10
777.9254712182513
 20
388.70322779518403
 10
777.9564145040362
 20
388.7754130164317
 10
777.9855769562712
 20
388.84833588308805
 10
778.0129410085857
 20
388.9219524691449
 10
778.0384901778978
 20
388.99621843072356
 10
778.0622090743431
 20
389.0710890327857
 10
778.0840834105454
 20
389.14651917608035
 10
778.1041000102225
 20
389.2224634243096
 10
778.1222468161233
 20
389.298876031498
 10
778.1385128972903
 20
389.3757109695484
 10
778.1528884556446
 20
389.45292195596704
 10
778.1653648318872
 20
389.53046248174286
 10
778.1759345107158
 20
389.6082858393625
 10
778.1845911253511
 20
389.6863451509454
 10
778.1913294613718
 20
389.7645933964811
 10
778.1961454598566
 20
389.8429834421523
 10
778.1990362198278
 20
389.92146806872665
 10
778.2
 20
390.0
 10
778.1990362198278
 20
390.07853193127335
  0
LWPOLYLINE
  5
52
330
17
100
AcDbEntity
  8
CUT
100
AcDbPolyline
 90
257
 70
1
 10
802.4977411402215
 20
389.81594078607816
 10
802.4909659215388
 20
389.63199244254434
 10
802.4796784250901
 20
389.4482657730025
 10
802.4638854500415
 20
389.2648714475283
 10
802.4435965094904
 20
389.0819199360059
 10
802.4188238247359
 20
388.8995214415848
 10
802.3895823179171
 20
388.71778583429773
 10
802.3558896030243
 20
388.536822584879
 10
802.3177659752889
 20
388.3567406988235
 10
802.2752343989591
 20
388.17764865072553
 10
802.2283204934658
 20
387.99965431893827
 10
802.1770525179916
 20
387.82286492059154
 10
802.1214613544478
 20
387.64738694700833
 10
802.0615804888727
 20
387.47332609955834
 10
801.9974459912605
 20
387.30078722598756
 10
801.9290964938347
 20
387.1298742572618
 10
801.8565731677764
 20
386.9606901449626
 10
801.7799196984258
 20
386.7933367992729
 10
801.6991822589664
 20
386.62791502759046
 10
801.6144094826127
 20
386.464524473805
 10
801.5256524333154
 20
386.3032635582766
 10
801.4329645750021
 20
386.1442294185508
 10
801.3364017393728
 20
385.98751785084676
 10
801.2360220922691
 20
385.833223252353
 10
801.1318860986369
 20
385.68143856436615
 10
801.0240564861049
 20
385.53225521630674
 10
800.9125982071995
 20
385.3857630706453
 10
800.7975784002206
 20
385.24205036877265
 10
800.6790663487986
 20
385.1012036778467
 10
800.5571334401621
 20
384.9633078386474
 10
800.431853122136
 20
384.828445914472
 10
800.3033008588991
 20
384.6966991411009
 10
800.171554085528
 20
384.568146877864
 10
800.0366921613527
 20
384.4428665598378
 10
799.8987963221533
 20
384.32093365120136
 10
799.7579496312273
 20
384.2024215997795
 10
799.6142369293547
 20
384.08740179280045
 10
799.4677447836932
 20
383.9759435138952
 10
799.3185614356338
 20
383.86811390136313
 10
799.166776747647
 20
383.7639779077309
 10
799.0124821491532
 20
383.6635982606272
 10
798.8557705814492
 20
383.567035424998
 10
798.6967364417234
 20
383.4743475666847
 10
798.535475526195
 20
383.38559051738736
 10
798.3720849724095
 20
383.30081774103365
 10
798.2066632007271
 20
383.22008030157417
 10
798.0393098550375
 20
383.1434268322235
 10
797.8701257427382
 20
383.07090350616534
 10
797.6992127740124
 20
383.0025540087395
 10
797.5266739004417
 20
382.93841951112734
 10
797.3526130529917
 20
382.8785386455522
 10
797.1771350794085
 20
382.82294748200843
 10
797.0003456810617
 20
382.7716795065342
 10
796.8223513492745
 20
382.72476560104093
 10
796.6432593011765
 20
382.682234024711
 10
796.463177415121
 20
382.64411039697575
 10
796.2822141657023
 20
382.6104176820829
 10
796.1004785584153
 20
382.58117617526415
 10
795.9180800639941
 20
382.5564034905097
 10
795.7351285524717
 20
382.53611454995854
 10
795.5517342269975
 20
382.5203215749098
 10
795.3680075574556
 20
382.5090340784612
 10
795.1840592139218
 20
382.50225885977846
 10
795.0
 20
382.5
 10
794.8159407860782
 20
382.50225885977846
 10
794.6319924425444
 20
382.5090340784612
 10
794.4482657730025
 20
382.5203215749098
 10
794.2648714475283
 20
382.53611454995854
 10
794.0819199360059
 20
382.5564034905097
 10
793.8995214415847
 20
382.58117617526415
 10
793.7177858342977
 20
382.6104176820829
 10
793.536822584879
 20
382.64411039697575
 10
793.3567406988235
 20
382.682234024711
 10
793.1776486507255
 20
382.72476560104093
 10
792.9996543189383
 20
382.7716795065342
 10
792.8228649205915
 20
382.82294748200843
 10
792.6473869470083
 20
382.8785386455522
 10
792.4733260995583
 20
382.93841951112734
 10
792.3007872259876
 20
383.0025540087395
 10
792.1298742572618
 20
383.07090350616534
 10
791.9606901449625
 20
383.1434268322235
 10
791.7933367992729
 20
383.22008030157417
 10
791.6279150275905
 20
383.30081774103365
 10
791.464524473805
 20
383.38559051738736
 10
791.3032635582766
 20
383.4743475666847
 10
791.1442294185508
 20
383.567035424998
 10
790.9875178508468
 20
383.66359826062717
 10
790.833223252353
 20
383.7639779077309
 10
790.6814385643662
 20
383.86811390136313
 10
790.5322552163068
 20
383.9759435138952
 10
790.3857630706453
 20
384.08740179280045
 10
790.2420503687727
 20
384.2024215997795
 10
790.1012036778467
 20
384.32093365120136
 10
789.9633078386473
 20
384.4428665598378
 10
789.828445914472
 20
384.568146877864
 10
789.6966991411009
 20
384.6966991411009
 10
789.568146877864
 20
384.828445914472
 10
789.4428665598379
 20
384.9633078386474
 10
789.3209336512014
 20
385.1012036778467
 10
789.2024215997794
 20
385.24205036877265
 10
789.0874017928005
 20
385.3857630706453
 10
788.9759435138951
 20
385.53225521630674
 10
788.8681139013631
 20
385.68143856436615
 10
788.7639779077309
 20
385.833223252353
 10
788.6635982606272
 20
385.98751785084676
 10
788.5670354249979
 20
386.1442294185508
 10
788.4743475666846
 20
386.3032635582766
 10
788.3855905173873
 20
386.464524473805
 10
788.3008177410336
 20
386.62791502759046
 10
788.2200803015742
 20
386.7933367992729
 10
788.1434268322236
 20
386.9606901449626
 10
788.0709035061653
 20
387.1298742572618
 10
788.0025540087395
 20
387.30078722598756
 10
787.9384195111273
 20
387.47332609955834
 10
787.8785386455522
 20
387.64738694700833
 10
787.8229474820084
 20
387.82286492059154
 10
787.7716795065342
 20
387.99965431893827
 10
787.7247656010409
 20
388.17764865072553
 10
787.6822340247111
 20
388.3567406988235
 10
787.6441103969757
 20
388.536822584879
 10
787.6104176820829
 20
388.71778583429773
 10
787.5811761752641
 20
388.8995214415848
 10
787.5564034905096
 20
389.0819199360059
 10
787.5361145499585
 20
389.2648714475283
 10
787.5203215749099
 20
389.4482657730025
 10
787.5090340784612
 20
389.63199244254434
 10
787.5022588597785
 20
389.81594078607816
 10
787.5
 20
390.0
 10
787.5022588597785
 20
390.18405921392184
 10
787.5090340784612
 20
390.36800755745566
 10
787.5203215749099
 20
390.5517342269975
 10
787.5361145499585
 20
390.7351285524717
 10
787.5564034905096
 20
390.9180800639941
 10
787.5811761752641
 20
391.1004785584152
 10
787.6104176820829
 20
391.28221416570227
 10
787.6441103969757
 20
391.463177415121
 10
787.6822340247111
 20
391.6432593011765
 10
787.7247656010409
 20
391.82235134927447
 10
787.7716795065342
 20
392.00034568106173
 10
787.8229474820084
 20
392.17713507940846
 10
787.8785386455522
 20
392.35261305299167
 10
787.9384195111273
 20
392.52667390044166
 10
788.0025540087395
 20
392.69921277401244
 10
788.0709035061653
 20
392.8701257427382
 10
788.1434268322236
 20
393.0393098550374
 10
788.2200803015742
 20
393.2066632007271
 10
788.3008177410336
 20
393.37208497240954
 10
788.3855905173873
 20
393.535475526195
 10
788.4743475666846
 20
393.6967364417234
 10
788.5670354249979
 20
393.8557705814492
 10
788.6635982606272
 20
394.01248214915324
 10
788.7639779077309
 20
394.166776747647
 10
788.8681139013631
 20
394.31856143563385
 10
788.9759435138951
 20
394.46774478369326
 10
789.0874017928005
 20
394.6142369293547
 10
789.2024215997794
 20
394.75794963122735
 10
789.3209336512014
 20
394.8987963221533
 10
789.4428665598379
 20
395.0366921613526
 10
789.568146877864
 20
395.171554085528
 10
789.6966991411009
 20
395.3033008588991
 10
789.828445914472
 20
395.431853122136
 10
789.9633078386473
 20
395.5571334401622
 10
790.1012036778467
 20
395.67906634879864
 10
790.2420503687727
 20
395.7975784002205
 10
790.3857630706453
 20
395.91259820719955
 10
790.5322552163068
 20
396.0240564861048
 10
790.6814385643662
 20
396.13188609863687
 10
790.833223252353
 20
396.2360220922691
 10
790.9875178508468
 20
396.3364017393728
 10
791.1442294185508
 20
396.432964575002
 10
791.3032635582766
 20
396.5256524333153
 10
791.464524473805
 20
396.61440948261264
 10
791.6279150275905
 20
396.69918225896635
 10
791.7933367992729
 20
396.77991969842583
 10
791.9606901449625
 20
396.8565731677765
 10
792.1298742572618
 20
396.92909649383466
 10
792.3007872259876
 20
396.9974459912605
 10
792.4733260995583
 20
397.06158048887266
 10
792.6473869470083
 20
397.1214613544478
 10
792.8228649205915
 20
397.17705251799157
 10
792.9996543189383
 20
397.2283204934658
 10
793.1776486507255
 20
397.27523439895907
 10
793.3567406988235
 20
397.317765975289
 10
793.536822584879
 20
397.35588960302425
 10
793.7177858342977
 20
397.3895823179171
 10
793.8995214415847
 20
397.41882382473585
 10
794.0819199360059
 20
397.4435965094903
 10
794.2648714475283
 20
397.46388545004146
 10
794.4482657730025
 20
397.4796784250902
 10
794.6319924425444
 20
397.4909659215388
 10
794.8159407860782
 20
397.49774114022154
 10
795.0
 20
397.5
 10
795.1840592139218
 20
397.49774114022154
 10
795.3680075574556
 20
397.4909659215388
 10
795.5517342269975
 20
397.4796784250902
 10
795.7351285524717
 20
397.46388545004146
 10
795.9180800639941
 20
397.4435965094903
 10
796.1004785584153
 20
397.41882382473585
 10
796.2822141657023
 20
397.3895823179171
 10
796.463177415121
 20
397.35588960302425
 10
796.6432593011765
 20
397.317765975289
 10
796.8223513492745
 20
397.27523439895907
 10
797.0003456810617
 20
397.2283204934658
 10
797.1771350794085
 20
397.17705251799157
 10
797.3526130529917
 20
397.1214613544478
 10
797.5266739004417
 20
397.06158048887266
 10
797.6992127740124
 20
396.9974459912605
 10
797.8701257427382
 20
396.92909649383466
 10
798.0393098550375
 20
396.8565731677765
 10
798.2066632007271
 20
396.77991969842583
 10
798.3720849724095
 20
396.69918225896635
 10
798.535475526195
 20
396.61440948261264
 10
798.6967364417234
 20
396.5256524333153
 10
798.8557705814492
 20
396.432964575002
 10
799.0124821491532
 20
396.33640173937283
 10
799.166776747647
 20
396.2360220922691
 10
799.3185614356338
 20
396.13188609863687
 10
799.4677447836932
 20
396.0240564861048
 10
799.6142369293547
 20
395.91259820719955
 10
799.7579496312273
 20
395.7975784002205
 10
799.8987963221533
 20
395.67906634879864
 10
800.0366921613527
 20
395.5571334401622
 10
800.171554085528
 20
395.431853122136
 10
800.3033008588991
 20
395.3033008588991
 10
800.431853122136
 20
395.171554085528
 10
800.5571334401621
 20
395.0366921613526
 10
800.6790663487986
 20
394.8987963221533
 10
800.7975784002206
 20
394.75794963122735
 10
800.9125982071995
 20
394.6142369293547
 10
801.0240564861049
 20
394.46774478369326
 10
801.1318860986369
 20
394.31856143563385
 10
801.2360220922691
 20
394.166776747647
 10
801.3364017393728
 20
394.01248214915324
 10
801.4329645750021
 20
393.8557705814492
 10
801.5256524333154
 20
393.6967364417234
 10
801.6144094826127
 20
393.535475526195
 10
801.6991822589664
 20
393.37208497240954
 10
801.7799196984258
 20
393.2066632007271
 10
801.8565731677764
 20
393.0393098550374
 10
801.9290964938347
 20
392.8701257427382
 10
801.9974459912605
 20
392.69921277401244
 10
802.0615804888727
 20
392.52667390044166
 10
802.1214613544478
 20
392.35261305299167
 10
802.1770525179916
 20
392.17713507940846
 10
802.2283204934658
 20
392.00034568106173
 10
802.2752343989591
 20
391.82235134927447
 10
802.3177659752889
 20
391.6432593011765
 10
802.3558896030243
 20
391.463177415121
 10
802.3895823179171
 20
391.28221416570227
 10
802.4188238247359
 20
391.1004785584152
 10
802.4435965094904
 20
390.9180800639941
 10
802.4638854500415
 20
390.7351285524717
 10
802.4796784250901
 20
390.5517342269975
 10
802.4909659215388
 20
390.36800755745566
 10
802.4977411402215
 20
390.18405921392184
 10
802.5
 20
390.0
 10
802.4977411402215
 20
389.81594078607816
  0
LWPOLYLINE
  5
53
330
17
100
AcDbEntity
  8
CUT
100
AcDbPolyline
 90
257
 70
1
 10
798.1990362198278
 20
390.07853193127335
 10
798.1961454598566
 20
390.1570165578477
 10
798.1913294613718
 20
390.2354066035189
 10
798.1845911253511
 20
390.3136548490546
 10
798.1759345107158
 20
390.3917141606375
 10
798.1653648318872
 20
390.46953751825714
 10
798.1528884556446
 20
390.54707804403296
 10
798.1385128972903
 20
390.6242890304516
 10
798.1222468161233
 20
390.701123968502
 10
798.1041000102225
 20
390.7775365756904
 10
798.0840834105454
 20
390.85348082391965
 10
798.0622090743431
 20
390.9289109672143
 10
798.0384901778978
 20
391.00378156927644
 10
798.0129410085857
 20
391.0780475308551
 10
797.9855769562712
 20
391.15166411691195
 10
797.9564145040362
 20
391.2245869835683
 10
797.9254712182513
 20
391.29677220481597
 10
797.892765737995
 20
391.3681762989769
 10
797.8583177638257
 20
391.43875625489477
 10
797.8221480459148
 20
391.50846955784317
 10
797.7842783715479
 20
391.57727421513533
 10
797.7447315520009
 20
391.6451287814183
 10
797.7035314087991
 20
391.7119923836387
 10
797.6607027593682
 20
391.7778247456627
 10
797.6162714020851
 20
391.8425862125371
 10
797.5702641007381
 20
391.90623777437577
 10
797.5227085684052
 20
391.968741089858
 10
797.4736334507608
 20
392.0300585093237
 10
797.4230683088208
 20
392.09015309745206
 10
797.3710436011359
 20
392.14898865551044
 10
797.3175906654446
 20
392.2065297431586
 10
797.262741699797
 20
392.26274169979695
 10
797.2065297431586
 20
392.3175906654447
 10
797.1489886555105
 20
392.37104360113585
 10
797.0901530974521
 20
392.42306830882075
 10
797.0300585093237
 20
392.47363345076076
 10
796.968741089858
 20
392.52270856840516
 10
796.9062377743758
 20
392.5702641007381
 10
796.8425862125371
 20
392.6162714020851
 10
796.7778247456628
 20
392.6607027593681
 10
796.7119923836387
 20
392.70353140879905
 10
796.6451287814183
 20
392.74473155200087
 10
796.5772742151353
 20
392.7842783715479
 10
796.5084695578432
 20
392.82214804591473
 10
796.4387562548948
 20
392.85831776382565
 10
796.3681762989769
 20
392.89276573799503
 10
796.296772204816
 20
392.9254712182513
 10
796.2245869835683
 20
392.9564145040361
 10
796.151664116912
 20
392.9855769562712
 10
796.0780475308551
 20
393.01294100858564
 10
796.0037815692765
 20
393.0384901778977
 10
795.9289109672143
 20
393.06220907434306
 10
795.8534808239197
 20
393.0840834105454
 10
795.7775365756904
 20
393.10410001022257
 10
795.701123968502
 20
393.12224681612327
 10
795.6242890304516
 20
393.13851289729035
 10
795.547078044033
 20
393.1528884556446
 10
795.4695375182572
 20
393.1653648318873
 10
795.3917141606374
 20
393.1759345107159
 10
795.3136548490546
 20
393.184591125351
 10
795.235406603519
 20
393.1913294613718
 10
795.1570165578478
 20
393.19614545985655
 10
795.0785319312733
 20
393.19903621982786
 10
795.0
 20
393.2
 10
794.9214680687267
 20
393.19903621982786
 10
794.8429834421522
 20
393.19614545985655
 10
794.764593396481
 20
393.1913294613718
 10
794.6863451509454
 20
393.184591125351
 10
794.6082858393626
 20
393.1759345107159
 10
794.5304624817428
 20
393.1653648318873
 10
794.452921955967
 20
393.1528884556446
 10
794.3757109695484
 20
393.13851289729035
 10
794.298876031498
 20
393.12224681612327
 10
794.2224634243096
 20
393.10410001022257
 10
794.1465191760803
 20
393.0840834105454
 10
794.0710890327857
 20
393.06220907434306
 10
793.9962184307235
 20
393.0384901778977
 10
793.9219524691449
 20
393.01294100858564
 10
793.848335883088
 20
392.9855769562712
 10
793.7754130164317
 20
392.9564145040361
 10
793.703227795184
 20
392.9254712182513
 10
793.6318237010231
 20
392.89276573799503
 10
793.5612437451052
 20
392.85831776382565
 10
793.4915304421568
 20
392.82214804591473
 10
793.4227257848647
 20
392.7842783715479
 10
793.3548712185817
 20
392.74473155200087
 10
793.2880076163613
 20
392.70353140879905
 10
793.2221752543372
 20
392.6607027593681
 10
793.1574137874629
 20
392.6162714020851
 10
793.0937622256242
 20
392.5702641007381
 10
793.031258910142
 20
392.52270856840516
 10
792.9699414906763
 20
392.47363345076076
 10
792.9098469025479
 20
392.42306830882075
 10
792.8510113444895
 20
392.37104360113585
 10
792.7934702568414
 20
392.3175906654447
 10
792.737258300203
 20
392.26274169979695
 10
792.6824093345554
 20
392.2065297431586
 10
792.6289563988641
 20
392.14898865551044
 10
792.5769316911792
 20
392.09015309745206
 10
792.5263665492392
 20
392.0300585093237
 10
792.4772914315948
 20
391.968741089858
 10
792.4297358992619
 20
391.90623777437577
 10
792.3837285979149
 20
391.8425862125371
 10
792.3392972406318
 20
391.7778247456627
 10
792.2964685912009
 20
391.7119923836387
 10
792.2552684479991
 20
391.6451287814183
 10
792.2157216284521
 20
391.57727421513533
 10
792.1778519540852
 20
391.50846955784317
 10
792.1416822361743
 20
391.43875625489477
 10
792.107234262005
 20
391.3681762989769
 10
792.0745287817487
 20
391.29677220481597
 10
792.0435854959638
 20
391.2245869835683
 10
792.0144230437288
 20
391.15166411691195
 10
791.9870589914143
 20
391.0780475308551
 10
791.9615098221022
 20
391.00378156927644
 10
791.9377909256569
 20
390.9289109672143
 10
791.9159165894546
 20
390.85348082391965
 10
791.8958999897775
 20
390.7775365756904
 10
791.8777531838767
 20
390.701123968502
 10
791.8614871027097
 20
390.6242890304516
 10
791.8471115443554
 20
390.54707804403296
 10
791.8346351681128
 20
390.46953751825714
 10
791.8240654892842
 20
390.3917141606375
 10
791.8154088746489
 20
390.3136548490546
 10
791.8086705386282
 20
390.2354066035189
 10
791.8038545401434
 20
390.1570165578477
 10
791.8009637801722
 20
390.07853193127335
 10
791.8
 20
390.0
 10
791.8009637801722
 20
389.92146806872665
 10
791.8038545401434
 20
389.8429834421523
 10
791.8086705386282
 20
389.7645933964811
 10
791.8154088746489
 20
389.6863451509454
 10
791.8240654892842
 20
389.6082858393625
 10
791.8346351681128
 20
389.53046248174286
 10
791.8471115443554
 20
389.45292195596704
 10
791.8614871027097
 20
389.3757109695484
 10
791.8777531838767
 20
389.298876031498
 10
791.8958999897775
 20
389.2224634243096
 10
791.9159165894546
 20
389.14651917608035
 10
791.9377909256569
 20
389.0710890327857
 10
791.9615098221022
 20
388.99621843072356
 10
791.9870589914143
 20
388.9219524691449
 10
792.0144230437288
 20
388.84833588308805
 10
792.0435854959638
 20
388.7754130164317
 10
792.0745287817487
 20
388.70322779518403
 10
792.107234262005
 20
388.6318237010231
 10
792.1416822361743
 20
388.56124374510523
 10
792.1778519540852
 20
388.49153044215683
 10
792.2157216284521
 20
388.42272578486467
 10
792.2552684479991
 20
388.3548712185817
 10
792.2964685912009
 20
388.2880076163613
 10
792.3392972406318
 20
388.2221752543373
 10
792.3837285979149
 20
388.1574137874629
 10
792.4297358992619
 20
388.09376222562423
 10
792.4772914315948
 20
388.031258910142
 10
792.5263665492392
 20
387.9699414906763
 10
792.5769316911792
 20
387.90984690254794
 10
792.6289563988641
 20
387.85101134448956
 10
792.6824093345554
 20
387.7934702568414
 10
792.737258300203
 20
387.73725830020305
 10
792.7934702568414
 20
387.6824093345553
 10
792.8510113444895
 20
387.62895639886415
 10
792.9098469025479
 20
387.57693169117925
 10
792.9699414906763
 20
387.52636654923924
 10
793.031258910142
 20
387.47729143159484
 10
793.0937622256242
 20
387.4297358992619
 10
793.1574137874629
 20
387.3837285979149
 10
793.2221752543372
 20
387.3392972406319
 10
793.2880076163613
 20
387.29646859120095
 10
793.3548712185817
 20
387.25526844799913
 10
793.4227257848647
 20
387.2157216284521
 10
793.4915304421568
 20
387.17785195408527
 10
793.5612437451052
 20
387.14168223617435
 10
793.6318237010231
 20
387.10723426200497
 10
793.703227795184
 20
387.0745287817487
 10
793.7754130164317
 20
387.0435854959639
 10
793.848335883088
 20
387.0144230437288
 10
793.9219524691449
 20
386.98705899141436
 10
793.9962184307235
 20
386.9615098221023
 10
794.0710890327857
 20
386.93779092565694
 10
794.1465191760803
 20
386.9159165894546
 10
794.2224634243096
 20
386.89589998977743
 10
794.298876031498
 20
386.87775318387673
 10
794.3757109695484
 20
386.86148710270965
 10
794.452921955967
 20
386.8471115443554
 10
794.5304624817428
 20
386.8346351681127
 10
794.6082858393625
 20
386.8240654892841
 10
794.6863451509454
 20
386.815408874649
 10
794.764593396481
 20
386.8086705386282
 10
794.8429834421522
 20
386.80385454014345
 10
794.9214680687267
 20
386.80096378017214
 10
795.0
 20
386.8
 10
795.0785319312733
 20
386.80096378017214
 10
795.1570165578478
 20
386.80385454014345
 10
795.235406603519
 20
386.8086705386282
 10
795.3136548490546
 20
386.815408874649
 10
795.3917141606375
 20
386.8240654892841
 10
795.4695375182572
 20
386.8346351681127
 10
795.547078044033
 20
386.8471115443554
 10
795.6242890304516
 20
386.86148710270965
 10
795.701123968502
 20
386.87775318387673
 10
795.7775365756904
 20
386.89589998977743
 10
795.8534808239197
 20
386.9159165894546
 10
795.9289109672143
 20
386.93779092565694
 10
796.0037815692765
 20
386.9615098221023
 10
796.0780475308551
 20
386.98705899141436
 10
796.151664116912
 20
387.0144230437288
 10
796.2245869835683
 20
387.0435854959639
 10
796.296772204816
 20
387.0745287817487
 10
796.3681762989769
 20
387.10723426200497
 10
796.4387562548948
 20
387.14168223617435
 10
796.5084695578432
 20
387.17785195408527
 10
796.5772742151353
 20
387.2157216284521
 10
796.6451287814183
 20
387.25526844799913
 10
796.7119923836387
 20
387.29646859120095
 10
796.7778247456628
 20
387.3392972406319
 10
796.8425862125371
 20
387.3837285979149
 10
796.9062377743758
 20
387.4297358992619
 10
796.968741089858
 20
387.47729143159484
 10
797.0300585093237
 20
387.52636654923924
 10
797.0901530974521
 20
387.57693169117925
 10
797.1489886555105
 20
387.62895639886415
 10
797.2065297431586
 20
387.6824093345553
 10
797.262741699797
 20
387.73725830020305
 10
797.3175906654446
 20
387.7934702568414
 10
797.3710436011359
 20
387.85101134448956
 10
797.4230683088208
 20
387.90984690254794
 10
797.4736334507608
 20
387.9699414906763
 10
797.5227085684052
 20
388.031258910142
 10
797.5702641007381
 20
388.09376222562423
 10
797.6162714020851
 20
388.1574137874629
 10
797.6607027593682
 20
388.2221752543373
 10
797.7035314087991
 20
388.2880076163613
 10
797.7447315520009
 20
388.3548712185817
 10
797.7842783715479
 20
388.42272578486467
 10
797.8221480459148
 20
388.49153044215683
 10
797.8583177638257
 20
388.5612437451053
 10
797.892765737995
 20
388.6318237010231
 10
797.9254712182513
 20
388.70322779518403
 10
797.9564145040362
 20
388.7754130164317
 10
797.9855769562712
 20
388.84833588308805
 10
798.0129410085857
 20
388.9219524691449
 10
798.0384901778978
 20
388.99621843072356
 10
798.0622090743431
 20
389.0710890327857
 10
798.0840834105454
 20
389.14651917608035
 10
798.1041000102225
 20
389.2224634243096
 10
798.1222468161233
 20
389.298876031498
 10
798.1385128972903
 20
389.3757109695484
 10
798.1528884556446
 20
389.45292195596704
 10
798.1653648318872
 20
389.53046248174286
 10
798.1759345107158
 20
389.6082858393625
 10
798.1845911253511
 20
389.6863451509454
 10
798.1913294613718
 20
389.7645933964811
 10
798.1961454598566
 20
389.8429834421523
 10
798.1990362198278
 20
389.92146806872665
 10
798.2
 20
390.0
 10
798.1990362198278
 20
390.07853193127335
  0
LWPOLYLINE
  5
54
330
17
100
AcDbEntity
  8
CUT
100
AcDbPolyline
 90
257
 70
1
 10
822.4977411402215
 20
389.81594078607816
 10
822.4909659215388
 20
389.63199244254434
 10
822.4796784250901
 20
389.4482657730025
 10
822.4638854500415
 20
389.2648714475283
 10
822.4435965094904
 20
389.0819199360059
 10
822.4188238247359
 20
388.8995214415848
 10
822.3895823179171
 20
388.71778583429773
 10
822.3558896030243
 20
388.536822584879
 10
822.3177659752889
 20
388.3567406988235
 10
822.2752343989591
 20
388.17764865072553
 10
822.2283204934658
 20
387.99965431893827
 10
822.1770525179916
 20
387.82286492059154
 10
822.1214613544478
 20
387.64738694700833
 10
822.0615804888727
 20
387.47332609955834
 10
821.9974459912605
 20
387.30078722598756
 10
821.9290964938347
 20
387.1298742572618
 10
821.8565731677764
 20
386.9606901449626
 10
821.7799196984258
 20
386.7933367992729
 10
821.6991822589664
 20
386.62791502759046
 10
821.6144094826127
 20
386.464524473805
 10
821.5256524333154
 20
386.3032635582766
 10
821.4329645750021
 20
386.1442294185508
 10
821.3364017393728
 20
385.98751785084676
 10
821.2360220922691
 20
385.833223252353
 10
821.1318860986369
 20
385.68143856436615
 10
821.0240564861049
 20
385.53225521630674
 10
820.9125982071995
 20
385.3857630706453
 10
820.7975784002206
 20
385.24205036877265
 10
820.6790663487986
 20
385.1012036778467
 10
820.5571334401621
 20
384.9633078386474
 10
820.431853122136
 20
384.828445914472
 10
820.3033008588991
 20
384.6966991411009
 10
820.171554085528
 20
384.568146877864
 10
820.0366921613527
 20
384.4428665598378
 10
819.8987963221533
 20
384.32093365120136
 10
819.7579496312273
 20
384.2024215997795
 10
819.6142369293547
 20
384.08740179280045
 10
819.4677447836932
 20
383.9759435138952
 10
819.3185614356338
 20
383.86811390136313
 10
819.166776747647
 20
383.7639779077309
 10
819.0124821491532
 20
383.6635982606272
 10
818.8557705814492
 20
383.567035424998
 10
818.6967364417234
 20
383.4743475666847
 10
818.535475526195
 20
383.38559051738736
 10
818.3720849724095
 20
383.30081774103365
 10
818.2066632007271
 20
383.22008030157417
 10
818.0393098550375
 20
383.1434268322235
 10
817.8701257427382
 20
383.07090350616534
 10
817.6992127740124
 20
383.0025540087395
 10
817.5266739004417
 20
382.93841951112734
 10
817.3526130529917
 20
382.8785386455522
 10
817.1771350794085
 20
382.82294748200843
 10
817.0003456810617
 20
382.7716795065342
 10
816.8223513492745
 20
382.72476560104093
 10
816.6432593011765
 20
382.682234024711
 10
816.463177415121
 20
382.64411039697575
 10
816.2822141657023
 20
382.6104176820829
 10
816.1004785584153
 20
382.58117617526415
 10
815.9180800639941
 20
382.5564034905097
 10
815.7351285524717
 20
382.53611454995854
 10
815.5517342269975
 20
382.5203215749098
 10
815.3680075574556
 20
382.5090340784612
 10
815.1840592139218
 20
382.50225885977846
 10
815.0
 20
382.5
 10
814.8159407860782
 20
382.50225885977846
 10
814.6319924425444
 20
382.5090340784612
 10
814.4482657730025
 20
382.5203215749098
 10
814.2648714475283
 20
382.53611454995854
 10
814.0819199360059
 20
382.5564034905097
 10
813.8995214415847
 20
382.58117617526415
 10
813.7177858342977
 20
382.6104176820829
 10
813.536822584879
 20
382.64411039697575
 10
813.3567406988235
 20
382.682234024711
 10
813.1776486507255
 20
382.72476560104093
 10
812.9996543189383
 20
382.7716795065342
 10
812.8228649205915
 20
382.82294748200843
 10
812.6473869470083
 20
382.8785386455522
 10
812.4733260995583
 20
382.93841951112734
 10
812.3007872259876
 20
383.0025540087395
 10
812.1298742572618
 20
383.07090350616534
 10
811.9606901449625
 20
383.1434268322235
 10
811.7933367992729
 20
383.22008030157417
 10
811.6279150275905
 20
383.30081774103365
 10
811.464524473805
 20
383.38559051738736
 10
811.3032635582766
 20
383.4743475666847
 10
811.1442294185508
 20
383.567035424998
 10
810.9875178508468
 20
383.66359826062717
 10
810.833223252353
 20
383.7639779077309
 10
810.6814385643662
 20
383.86811390136313
 10
810.5322552163068
 20
383.9759435138952
 10
810.3857630706453
 20
384.08740179280045
 10
810.2420503687727
 20
384.2024215997795
 10
810.1012036778467
 20
384.32093365120136
 10
809.9633078386473
 20
384.4428665598378
 10
809.828445914472
 20
384.568146877864
 10
809.6966991411009
 20
384.6966991411009
 10
809.568146877864
 20
384.828445914472
 10
809.4428665598379
 20
384.9633078386474
 10
809.3209336512014
 20
385.1012036778467
 10
809.2024215997794
 20
385.24205036877265
 10
809.0874017928005
 20
385.3857630706453
 10
808.9759435138951
 20
385.53225521630674
 10
808.8681139013631
 20
385.68143856436615
 10
808.7639779077309
 20
385.833223252353
 10
808.6635982606272
 20
385.98751785084676
 10
808.5670354249979
 20
386.1442294185508
 10
808.4743475666846
 20
386.3032635582766
 10
808.3855905173873
 20
386.464524473805
 10
808.3008177410336
 20
386.62791502759046
 10
808.2200803015742
 20
386.7933367992729
 10
808.1434268322236
 20
386.9606901449626
 10
808.0709035061653
 20
387.1298742572618
 10
808.0025540087395
 20
387.30078722598756
 10
807.9384195111273
 20
387.47332609955834
 10
807.8785386455522
 20
387.64738694700833
 10
807.8229474820084
 20
387.82286492059154
 10
807.7716795065342
 20
387.99965431893827
 10
807.7247656010409
 20
388.17764865072553
 10
807.6822340247111
 20
388.3567406988235
 10
807.6441103969757
 20
388.536822584879
 10
807.6104176820829
 20
388.71778583429773
 10
807.5811761752641
 20
388.8995214415848
 10
807.5564034905096
 20
389.0819199360059
 10
807.5361145499585
 20
389.2648714475283
 10
807.5203215749099
 20
389.4482657730025
 10
807.5090340784612
 20
389.63199244254434
 10
807.5022588597785
 20
389.81594078607816
 10
807.5
 20
390.0
 10
807.5022588597785
 20
390.18405921392184
 10
807.5090340784612
 20
390.36800755745566
 10
807.5203215749099
 20
390.5517342269975
 10
807.5361145499585
 20
390.7351285524717
 10
807.5564034905096
 20
390.9180800639941
 10
807.5811761752641
 20
391.1004785584152
 10
807.6104176820829
 20
391.28221416570227
 10
807.6441103969757
 20
391.463177415121
 10
807.6822340247111
 20
391.6432593011765
 10
807.7247656010409
 20
391.82235134927447
 10
807.7716795065342
 20
392.00034568106173
 10
807.8229474820084
 20
392.17713507940846
 10
807.8785386455522
 20
392.35261305299167
 10
807.9384195111273
 20
392.52667390044166
 10
808.0025540087395
 20
392.69921277401244
 10
808.0709035061653
 20
392.8701257427382
 10
808.1434268322236
 20
393.0393098550374
 10
808.2200803015742
 20
393.2066632007271
 10
808.3008177410336
 20
393.37208497240954
 10
808.3855905173873
 20
393.535475526195
 10
808.4743475666846
 20
393.6967364417234
 10
808.5670354249979
 20
393.8557705814492
 10
808.6635982606272
 20
394.01248214915324
 10
808.7639779077309
 20
394.166776747647
 10
808.8681139013631
 20
394.31856143563385
 10
808.9759435138951
 20
394.46774478369326
 10
809.0874017928005
 20
394.6142369293547
 10
809.2024215997794
 20
394.75794963122735
 10
809.3209336512014
 20
394.8987963221533
 10
809.4428665598379
 20
395.0366921613526
 10
809.568146877864
 20
395.171554085528
 10
809.6966991411009
 20
395.3033008588991
 10
809.828445914472
 20
395.431853122136
 10
809.9633078386473
 20
395.5571334401622
 10
810.1012036778467
 20
395.67906634879864
 10
810.2420503687727
 20
395.7975784002205
 10
810.3857630706453
 20
395.91259820719955
 10
810.5322552163068
 20
396.0240564861048
 10
810.6814385643662
 20
396.13188609863687
 10
810.833223252353
 20
396.2360220922691
 10
810.9875178508468
 20
396.3364017393728
 10
811.1442294185508
 20
396.432964575002
 10
811.3032635582766
 20
396.5256524333153
 10
811.464524473805
 20
396.61440948261264
 10
811.6279150275905
 20
396.69918225896635
 10
811.7933367992729
 20
396.77991969842583
 10
811.9606901449625
 20
396.8565731677765
 10
812.1298742572618
 20
396.92909649383466
 10
812.3007872259876
 20
396.9974459912605
 10
812.4733260995583
 20
397.06158048887266
 10
812.6473869470083
 20
397.1214613544478
 10
812.8228649205915
 20
397.17705251799157
 10
812.9996543189383
 20
397.2283204934658
 10
813.1776486507255
 20
397.27523439895907
 10
813.3567406988235
 20
397.317765975289
 10
813.536822584879
 20
397.35588960302425
 10
813.7177858342977
 20
397.3895823179171
 10
813.8995214415847
 20
397.41882382473585
 10
814.0819199360059
 20
397.4435965094903
 10
814.2648714475283
 20
397.46388545004146
 10
814.4482657730025
 20
397.4796784250902
 10
814.6319924425444
 20
397.4909659215388
 10
814.8159407860782
 20
397.49774114022154
 10
815.0
 20
397.5
 10
815.1840592139218
 20
397.49774114022154
 10
815.3680075574556
 20
397.4909659215388
 10
815.5517342269975
 20
397.4796784250902
 10
815.7351285524717
 20
397.46388545004146
 10
815.9180800639941
 20
397.4435965094903
 10
816.1004785584153
 20
397.41882382473585
 10
816.2822141657023
 20
397.3895823179171
 10
816.463177415121
 20
397.35588960302425
 10
816.6432593011765
 20
397.317765975289
 10
816.8223513492745
 20
397.27523439895907
 10
817.0003456810617
 20
397.2283204934658
 10
817.1771350794085
 20
397.17705251799157
 10
817.3526130529917
 20
397.1214613544478
 10
817.5266739004417
 20
397.06158048887266
 10
817.6992127740124
 20
396.9974459912605
 10
817.8701257427382
 20
396.92909649383466
 10
818.0393098550375
 20
396.8565731677765
 10
818.2066632007271
 20
396.77991969842583
 10
818.3720849724095
 20
396.69918225896635
 10
818.535475526195
 20
396.61440948261264
 10
818.6967364417234
 20
396.5256524333153
 10
818.8557705814492
 20
396.432964575002
 10
819.0124821491532
 20
396.33640173937283
 10
819.166776747647
 20
396.2360220922691
 10
819.3185614356338
 20
396.13188609863687
 10
819.4677447836932
 20
396.0240564861048
 10
819.6142369293547
 20
395.91259820719955
 10
819.7579496312273
 20
395.7975784002205
 10
819.8987963221533
 20
395.67906634879864
 10
820.0366921613527
 20
395.5571334401622
 10
820.171554085528
 20
395.431853122136
 10
820.3033008588991
 20
395.3033008588991
 10
820.431853122136
 20
395.171554085528
 10
820.5571334401621
 20
395.0366921613526
 10
820.6790663487986
 20
394.8987963221533
 10
820.7975784002206
 20
394.75794963122735
 10
820.9125982071995
 20
394.6142369293547
 10
821.0240564861049
 20
394.46774478369326
 10
821.1318860986369
 20
394.31856143563385
 10
821.2360220922691
 20
394.166776747647
 10
821.3364017393728
 20
394.01248214915324
 10
821.4329645750021
 20
393.8557705814492
 10
821.5256524333154
 20
393.6967364417234
 10
821.6144094826127
 20
393.535475526195
 10
821.6991822589664
 20
393.37208497240954
 10
821.7799196984258
 20
393.2066632007271
 10
821.8565731677764
 20
393.0393098550374
 10
821.9290964938347
 20
392.8701257427382
 10
821.9974459912605
 20
392.69921277401244
 10
822.0615804888727
 20
392.52667390044166
 10
822.1214613544478
 20
392.35261305299167
 10
822.1770525179916
 20
392.17713507940846
 10
822.2283204934658
 20
392.00034568106173
 10
822.2752343989591
 20
391.82235134927447
 10
822.3177659752889
 20
391.6432593011765
 10
822.3558896030243
 20
391.463177415121
 10
822.3895823179171
 20
391.28221416570227
 10
822.4188238247359
 20
391.1004785584152
 10
822.4435965094904
 20
390.9180800639941
 10
822.4638854500415
 20
390.7351285524717
 10
822.4796784250901
 20
390.5517342269975
 10
822.4909659215388
 20
390.36800755745566
 10
822.4977411402215
 20
390.18405921392184
 10
822.5
 20
390.0
 10
822.4977411402215
 20
389.81594078607816
  0
LWPOLYLINE
  5
55
330
17
100
AcDbEntity
  8
CUT
100
AcDbPolyline
 90
257
 70
1
 10
818.1990362198278
 20
390.07853193127335
 10
818.1961454598566
 20
390.1570165578477
 10
818.1913294613718
 20
390.2354066035189
 10
818.1845911253511
 20
390.3136548490546
 10
818.1759345107158
 20
390.3917141606375
 10
818.1653648318872
 20
390.46953751825714
 10
818.1528884556446
 20
390.54707804403296
 10
818.1385128972903
 20
390.6242890304516
 10
818.1222468161233
 20
390.701123968502
 10
818.1041000102225
 20
390.7775365756904
 10
818.0840834105454
 20
390.85348082391965
 10
818.0622090743431
 20
390.9289109672143
 10
818.0384901778978
 20
391.00378156927644
 10
818.0129410085857
 20
391.0780475308551
 10
817.9855769562712
 20
391.15166411691195
 10
817.9564145040362
 20
391.2245869835683
 10
817.9254712182513
 20
391.29677220481597
 10
817.892765737995
 20
391.3681762989769
 10
817.8583177638257
 20
391.43875625489477
 10
817.8221480459148
 20
391.50846955784317
 10
817.7842783715479
 20
391.57727421513533
 10
817.7447315520009
 20
391.6451287814183
 10
817.7035314087991
 20
391.7119923836387
 10
817.6607027593682
 20
391.7778247456627
 10
817.6162714020851
 20
391.8425862125371
 10
817.5702641007381
 20
391.90623777437577
 10
817.5227085684052
 20
391.968741089858
 10
817.4736334507608
 20
392.0300585093237
 10
817.4230683088208
 20
392.09015309745206
 10
817.3710436011359
 20
392.14898865551044
 10
817.3175906654446
 20
392.2065297431586
 10
817.262741699797
 20
392.26274169979695
 10
817.2065297431586
 20
392.3175906654447
 10
817.1489886555105
 20
392.37104360113585
 10
817.0901530974521
 20
392.42306830882075
 10
817.0300585093237
 20
392.47363345076076
 10
816.968741089858
 20
392.52270856840516
 10
816.9062377743758
 20
392.5702641007381
 10
816.8425862125371
 20
392.6162714020851
 10
816.7778247456628
 20
392.6607027593681
 10
816.7119923836387
 20
392.70353140879905
 10
816.6451287814183
 20
392.74473155200087
 10
816.5772742151353
 20
392.7842783715479
 10
816.5084695578432
 20
392.82214804591473
 10
816.4387562548948
 20
392.85831776382565
 10
816.3681762989769
 20
392.89276573799503
 10
816.296772204816
 20
392.9254712182513
 10
816.2245869835683
 20
392.9564145040361
 10
816.151664116912
 20
392.9855769562712
 10
816.0780475308551
 20
393.01294100858564
 10
816.0037815692765
 20
393.0384901778977
 10
815.9289109672143
 20
393.06220907434306
 10
815.8534808239197
 20
393.0840834105454
 10
815.7775365756904
 20
393.10410001022257
 10
815.701123968502
 20
393.12224681612327
 10
815.6242890304516
 20
393.13851289729035
 10
815.547078044033
 20
393.1528884556446
 10
815.4695375182572
 20
393.1653648318873
 10
815.3917141606374
 20
393.1759345107159
 10
815.3136548490546
 20
393.184591125351
 10
815.235406603519
 20
393.1913294613718
 10
815.1570165578478
 20
393.19614545985655
 10
815.0785319312733
 20
393.19903621982786
 10
815.0
 20
393.2
 10
814.9214680687267
 20
393.19903621982786
 10
814.8429834421522
 20
393.19614545985655
 10
814.764593396481
 20
393.1913294613718
 10
814.6863451509454
 20
393.184591125351
 10
814.6082858393626
 20
393.1759345107159
 10
814.5304624817428
 20
393.1653648318873
 10
814.452921955967
 20
393.1528884556446
 10
814.3757109695484
 20
393.13851289729035
 10
814.298876031498
 20
393.12224681612327
 10
814.2224634243096
 20
393.10410001022257
 10
814.1465191760803
 20
393.0840834105454
 10
814.0710890327857
 20
393.06220907434306
 10
813.9962184307235
 20
393.0384901778977
 10
813.9219524691449
 20
393.01294100858564
 10
813.848335883088
 20
392.9855769562712
 10
813.7754130164317
 20
392.9564145040361
 10
813.703227795184
 20
392.9254712182513
 10
813.6318237010231
 20
392.89276573799503
 10
813.5612437451052
 20
392.85831776382565
 10
813.4915304421568
 20
392.82214804591473
 10
813.4227257848647
 20
392.7842783715479
 10
813.3548712185817
 20
392.74473155200087
 10
813.2880076163613
 20
392.70353140879905
 10
813.2221752543372
 20
392.6607027593681
 10
813.1574137874629
 20
392.6162714020851
 10
813.0937622256242
 20
392.5702641007381
 10
813.031258910142
 20
392.52270856840516
 10
812.9699414906763
 20
392.47363345076076
 10
812.9098469025479
 20
392.42306830882075
 10
812.8510113444895
 20
392.37104360113585
 10
812.7934702568414
 20
392.3175906654447
 10
812.737258300203
 20
392.26274169979695
 10
812.6824093345554
 20
392.2065297431586
 10
812.6289563988641
 20
392.14898865551044
 10
812.5769316911792
 20
392.09015309745206
 10
812.5263665492392
 20
392.0300585093237
 10
812.4772914315948
 20
391.968741089858
 10
812.4297358992619
 20
391.90623777437577
 10
812.3837285979149
 20
391.8425862125371
 10
812.3392972406318
 20
391.7778247456627
 10
812.2964685912009
 20
391.7119923836387
 10
812.2552684479991
 20
391.6451287814183
 10
812.2157216284521
 20
391.57727421513533
 10
812.1778519540852
 20
391.50846955784317
 10
812.1416822361743
 20
391.43875625489477
 10
812.107234262005
 20
391.3681762989769
 10
812.0745287817487
 20
391.29677220481597
 10
812.0435854959638
 20
391.2245869835683
 10
812.0144230437288
 20
391.15166411691195
 10
811.9870589914143
 20
391.0780475308551
 10
811.9615098221022
 20
391.00378156927644
 10
811.9377909256569
 20
390.9289109672143
 10
811.9159165894546
 20
390.85348082391965
 10
811.8958999897775
 20
390.7775365756904
 10
811.8777531838767
 20
390.701123968502
 10
811.8614871027097
 20
390.6242890304516
 10
811.8471115443554
 20
390.54707804403296
 10
811.8346351681128
 20
390.46953751825714
 10
811.8240654892842
 20
390.3917141606375
 10
811.8154088746489
 20
390.3136548490546
 10
811.8086705386282
 20
390.2354066035189
 10
811.8038545401434
 20
390.1570165578477
 10
811.8009637801722
 20
390.07853193127335
 10
811.8
 20
390.0
 10
811.8009637801722
 20
389.92146806872665
 10
811.8038545401434
 20
389.8429834421523
 10
811.8086705386282
 20
389.7645933964811
 10
811.8154088746489
 20
389.6863451509454
 10
811.8240654892842
 20
389.6082858393625
 10
811.8346351681128
 20
389.53046248174286
 10
811.8471115443554
 20
389.45292195596704
 10
811.8614871027097
 20
389.3757109695484
 10
811.8777531838767
 20
389.298876031498
 10
811.8958999897775
 20
389.2224634243096
 10
811.9159165894546
 20
389.14651917608035
 10
811.9377909256569
 20
389.0710890327857
 10
811.9615098221022
 20
388.99621843072356
 10
811.9870589914143
 20
388.9219524691449
 10
812.0144230437288
 20
388.84833588308805
 10
812.0435854959638
 20
388.7754130164317
 10
812.0745287817487
 20
388.70322779518403
 10
812.107234262005
 20
388.6318237010231
 10
812.1416822361743
 20
388.56124374510523
 10
812.1778519540852
 20
388.49153044215683
 10
812.2157216284521
 20
388.42272578486467
 10
812.2552684479991
 20
388.3548712185817
 10
812.2964685912009
 20
388.2880076163613
 10
812.3392972406318
 20
388.2221752543373
 10
812.3837285979149
 20
388.1574137874629
 10
812.4297358992619
 20
388.09376222562423
 10
812.4772914315948
 20
388.031258910142
 10
812.5263665492392
 20
387.9699414906763
 10
812.5769316911792
 20
387.90984690254794
 10
812.6289563988641
 20
387.85101134448956
 10
812.6824093345554
 20
387.7934702568414
 10
812.737258300203
 20
387.73725830020305
 10
812.7934702568414
 20
387.6824093345553
 10
812.8510113444895
 20
387.62895639886415
 10
812.9098469025479
 20
387.57693169117925
 10
812.9699414906763
 20
387.52636654923924
 10
813.031258910142
 20
387.47729143159484
 10
813.0937622256242
 20
387.4297358992619
 10
813.1574137874629
 20
387.3837285979149
 10
813.2221752543372
 20
387.3392972406319
 10
813.2880076163613
 20
387.29646859120095
 10
813.3548712185817
 20
387.25526844799913
 10
813.4227257848647
 20
387.2157216284521
 10
813.4915304421568
 20
387.17785195408527
 10
813.5612437451052
 20
387.14168223617435
 10
813.6318237010231
 20
387.10723426200497
 10
813.703227795184
 20
387.0745287817487
 10
813.7754130164317
 20
387.0435854959639
 10
813.848335883088
 20
387.0144230437288
 10
813.9219524691449
 20
386.98705899141436
 10
813.9962184307235
 20
386.9615098221023
 10
814.0710890327857
 20
386.93779092565694
 10
814.1465191760803
 20
386.9159165894546
 10
814.2224634243096
 20
386.89589998977743
 10
814.298876031498
 20
386.87775318387673
 10
814.3757109695484
 20
386.86148710270965
 10
814.452921955967
 20
386.8471115443554
 10
814.5304624817428
 20
386.8346351681127
 10
814.6082858393625
 20
386.8240654892841
 10
814.6863451509454
 20
386.815408874649
 10
814.764593396481
 20
386.8086705386282
 10
814.8429834421522
 20
386.80385454014345
 10
814.9214680687267
 20
386.80096378017214
 10
815.0
 20
386.8
 10
815.0785319312733
 20
386.80096378017214
 10
815.1570165578478
 20
386.80385454014345
 10
815.235406603519
 20
386.8086705386282
 10
815.3136548490546
 20
386.815408874649
 10
815.3917141606375
 20
386.8240654892841
 10
815.4695375182572
 20
386.8346351681127
 10
815.547078044033
 20
386.8471115443554
 10
815.6242890304516
 20
386.86148710270965
 10
815.701123968502
 20
386.87775318387673
 10
815.7775365756904
 20
386.89589998977743
 10
815.8534808239197
 20
386.9159165894546
 10
815.9289109672143
 20
386.93779092565694
 10
816.0037815692765
 20
386.9615098221023
 10
816.0780475308551
 20
386.98705899141436
 10
816.151664116912
 20
387.0144230437288
 10
816.2245869835683
 20
387.0435854959639
 10
816.296772204816
 20
387.0745287817487
 10
816.3681762989769
 20
387.10723426200497
 10
816.4387562548948
 20
387.14168223617435
 10
816.5084695578432
 20
387.17785195408527
 10
816.5772742151353
 20
387.2157216284521
 10
816.6451287814183
 20
387.25526844799913
 10
816.7119923836387
 20
387.29646859120095
 10
816.7778247456628
 20
387.3392972406319
 10
816.8425862125371
 20
387.3837285979149
 10
816.9062377743758
 20
387.4297358992619
 10
816.968741089858
 20
387.47729143159484
 10
817.0300585093237
 20
387.52636654923924
 10
817.0901530974521
 20
387.57693169117925
 10
817.1489886555105
 20
387.62895639886415
 10
817.2065297431586
 20
387.6824093345553
 10
817.262741699797
 20
387.73725830020305
 10
817.3175906654446
 20
387.7934702568414
 10
817.3710436011359
 20
387.85101134448956
 10
817.4230683088208
 20
387.90984690254794
 10
817.4736334507608
 20
387.9699414906763
 10
817.5227085684052
 20
388.031258910142
 10
817.5702641007381
 20
388.09376222562423
 10
817.6162714020851
 20
388.1574137874629
 10
817.6607027593682
 20
388.2221752543373
 10
817.7035314087991
 20
388.2880076163613
 10
817.7447315520009
 20
388.3548712185817
 10
817.7842783715479
 20
388.42272578486467
 10
817.8221480459148
 20
388.49153044215683
 10
817.8583177638257
 20
388.5612437451053
 10
817.892765737995
 20
388.6318237010231
 10
817.9254712182513
 20
388.70322779518403
 10
817.9564145040362
 20
388.7754130164317
 10
817.9855769562712
 20
388.84833588308805
 10
818.0129410085857
 20
388.9219524691449
 10
818.0384901778978
 20
388.99621843072356
 10
818.0622090743431
 20
389.0710890327857
 10
818.0840834105454
 20
389.14651917608035
 10
818.1041000102225
 20
389.2224634243096
 10
818.1222468161233
 20
389.298876031498
 10
818.1385128972903
 20
389.3757109695484
 10
818.1528884556446
 20
389.45292195596704
 10
818.1653648318872
 20
389.53046248174286
 10
818.1759345107158
 20
389.6082858393625
 10
818.1845911253511
 20
389.6863451509454
 10
818.1913294613718
 20
389.7645933964811
 10
818.1961454598566
 20
389.8429834421523
 10
818.1990362198278
 20
389.92146806872665
 10
818.2
 20
390.0
 10
818.1990362198278
 20
390.07853193127335
  0
LWPOLYLINE
  5
56
330
17
100
AcDbEntity
  8
CUT
100
AcDbPolyline
 90
257
 70
1
 10
842.4977411402215
 20
389.81594078607816
 10
842.4909659215388
 20
389.63199244254434
 10
842.4796784250901
 20
389.4482657730025
 10
842.4638854500415
 20
389.2648714475283
 10
842.4435965094904
 20
389.0819199360059
 10
842.4188238247359
 20
388.8995214415848
 10
842.3895823179171
 20
388.71778583429773
 10
842.3558896030243
 20
388.536822584879
 10
842.3177659752889
 20
388.3567406988235
 10
842.2752343989591
 20
388.17764865072553
 10
842.2283204934658
 20
387.99965431893827
 10
842.1770525179916
 20
387.82286492059154
 10
842.1214613544478
 20
387.64738694700833
 10
842.0615804888727
 20
387.47332609955834
 10
841.9974459912605
 20
387.30078722598756
 10
841.9290964938347
 20
387.1298742572618
 10
841.8565731677764
 20
386.9606901449626
 10
841.7799196984258
 20
386.7933367992729
 10
841.6991822589664
 20
386.62791502759046
 10
841.6144094826127
 20
386.464524473805
 10
841.5256524333154
 20
386.3032635582766
 10
841.4329645750021
 20
386.1442294185508
 10
841.3364017393728
 20
385.98751785084676
 10
841.2360220922691
 20
385.833223252353
 10
841.1318860986369
 20
385.68143856436615
 10
841.0240564861049
 20
385.53225521630674
 10
840.9125982071995
 20
385.3857630706453
 10
840.7975784002206
 20
385.24205036877265
 10
840.6790663487986
 20
385.1012036778467
 10
840.5571334401621
 20
384.9633078386474
 10
840.431853122136
 20
384.828445914472
 10
840.3033008588991
 20
384.6966991411009
 10
840.171554085528
 20
384.568146877864
 10
840.0366921613527
 20
384.4428665598378
 10
839.8987963221533
 20
384.32093365120136
 10
839.7579496312273
 20
384.2024215997795
 10
839.6142369293547
 20
384.08740179280045
 10
839.4677447836932
 20
383.9759435138952
 10
839.3185614356338
 20
383.86811390136313
 10
839.166776747647
 20
383.7639779077309
 10
839.0124821491532
 20
383.6635982606272
 10
838.8557705814492
 20
383.567035424998
 10
838.6967364417234
 20
383.4743475666847
 10
838.535475526195
 20
383.38559051738736
 10
838.3720849724095
 20
383.30081774103365
 10
838.2066632007271
 20
383.22008030157417
 10
838.0393098550375
 20
383.1434268322235
 10
837.8701257427382
 20
383.07090350616534
 10
837.6992127740124
 20
383.0025540087395
 10
837.5266739004417
 20
382.93841951112734
 10
837.3526130529917
 20
382.8785386455522
 10
837.1771350794085
 20
382.82294748200843
 10
837.0003456810617
 20
382.7716795065342
 10
836.8223513492745
 20
382.72476560104093
 10
836.6432593011765
 20
382.682234024711
 10
836.463177415121
 20
382.64411039697575
 10
836.2822141657023
 20
382.6104176820829
 10
836.1004785584153
 20
382.58117617526415
 10
835.9180800639941
 20
382.5564034905097
 10
835.7351285524717
 20
382.53611454995854
 10
835.5517342269975
 20
382.5203215749098
 10
835.3680075574556
 20
382.5090340784612
 10
835.1840592139218
 20
382.50225885977846
 10
835.0
 20
382.5
 10
834.8159407860782
 20
382.50225885977846
 10
834.6319924425444
 20
382.5090340784612
 10
834.4482657730025
 20
382.5203215749098
 10
834.2648714475283
 20
382.53611454995854
 10
834.0819199360059
 20
382.5564034905097
 10
833.8995214415847
 20
382.58117617526415
 10
833.7177858342977
 20
382.6104176820829
 10
833.536822584879
 20
382.64411039697575
 10
833.3567406988235
 20
382.682234024711
 10
833.1776486507255
 20
382.72476560104093
 10
832.9996543189383
 20
382.7716795065342
 10
832.8228649205915
 20
382.82294748200843
 10
832.6473869470083
 20
382.8785386455522
 10
832.4733260995583
 20
382.93841951112734
 10
832.3007872259876
 20
383.0025540087395
 10
832.1298742572618
 20
383.07090350616534
 10
831.9606901449625
 20
383.1434268322235
 10
831.7933367992729
 20
383.22008030157417
 10
831.6279150275905
 20
383.30081774103365
 10
831.464524473805
 20
383.38559051738736
 10
831.3032635582766
 20
383.4743475666847
 10
831.1442294185508
 20
383.567035424998
 10
830.9875178508468
 20
383.66359826062717
 10
830.833223252353
 20
383.7639779077309
 10
830.6814385643662
 20
383.86811390136313
 10
830.5322552163068
 20
383.9759435138952
 10
830.3857630706453
 20
384.08740179280045
 10
830.2420503687727
 20
384.2024215997795
 10
830.1012036778467
 20
384.32093365120136
 10
829.9633078386473
 20
384.4428665598378
 10
829.828445914472
 20
384.568146877864
 10
829.6966991411009
 20
384.6966991411009
 10
829.568146877864
 20
384.828445914472
 10
829.4428665598379
 20
384.9633078386474
 10
829.3209336512014
 20
385.1012036778467
 10
829.2024215997794
 20
385.24205036877265
 10
829.0874017928005
 20
385.3857630706453
 10
828.9759435138951
 20
385.53225521630674
 10
828.8681139013631
 20
385.68143856436615
 10
828.7639779077309
 20
385.833223252353
 10
828.6635982606272
 20
385.98751785084676
 10
828.5670354249979
 20
386.1442294185508
 10
828.4743475666846
 20
386.3032635582766
 10
828.3855905173873
 20
386.464524473805
 10
828.3008177410336
 20
386.62791502759046
 10
828.2200803015742
 20
386.7933367992729
 10
828.1434268322236
 20
386.9606901449626
 10
828.0709035061653
 20
387.1298742572618
 10
828.0025540087395
 20
387.30078722598756
 10
827.9384195111273
 20
387.47332609955834
 10
827.8785386455522
 20
387.64738694700833
 10
827.8229474820084
 20
387.82286492059154
 10
827.7716795065342
 20
387.99965431893827
 10
827.7247656010409
 20
388.17764865072553
 10
827.6822340247111
 20
388.3567406988235
 10
827.6441103969757
 20
388.536822584879
 10
827.6104176820829
 20
388.71778583429773
 10
827.5811761752641
 20
388.8995214415848
 10
827.5564034905096
 20
389.0819199360059
 10
827.5361145499585
 20
389.2648714475283
 10
827.5203215749099
 20
389.4482657730025
 10
827.5090340784612
 20
389.63199244254434
 10
827.5022588597785
 20
389.81594078607816
 10
827.5
 20
390.0
 10
827.5022588597785
 20
390.18405921392184
 10
827.5090340784612
 20
390.36800755745566
 10
827.5203215749099
 20
390.5517342269975
 10
827.5361145499585
 20
390.7351285524717
 10
827.5564034905096
 20
390.9180800639941
 10
827.5811761752641
 20
391.1004785584152
 10
827.6104176820829
 20
391.28221416570227
 10
827.6441103969757
 20
391.463177415121
 10
827.6822340247111
 20
391.6432593011765
 10
827.7247656010409
 20
391.82235134927447
 10
827.7716795065342
 20
392.00034568106173
 10
827.8229474820084
 20
392.17713507940846
 10
827.8785386455522
 20
392.35261305299167
 10
827.9384195111273
 20
392.52667390044166
 10
828.0025540087395
 20
392.69921277401244
 10
828.0709035061653
 20
392.8701257427382
 10
828.1434268322236
 20
393.0393098550374
 10
828.2200803015742
 20
393.2066632007271
 10
828.3008177410336
 20
393.37208497240954
 10
828.3855905173873
 20
393.535475526195
 10
828.4743475666846
 20
393.6967364417234
 10
828.5670354249979
 20
393.8557705814492
 10
828.6635982606272
 20
394.01248214915324
 10
828.7639779077309
 20
394.166776747647
 10
828.8681139013631
 20
394.31856143563385
 10
828.9759435138951
 20
394.46774478369326
 10
829.0874017928005
 20
394.6142369293547
 10
829.2024215997794
 20
394.75794963122735
 10
829.3209336512014
 20
394.8987963221533
 10
829.4428665598379
 20
395.0366921613526
 10
829.568146877864
 20
395.171554085528
 10
829.6966991411009
 20
395.3033008588991
 10
829.828445914472
 20
395.431853122136
 10
829.9633078386473
 20
395.5571334401622
 10
830.1012036778467
 20
395.67906634879864
 10
830.2420503687727
 20
395.7975784002205
 10
830.3857630706453
 20
395.91259820719955
 10
830.5322552163068
 20
396.0240564861048
 10
830.6814385643662
 20
396.13188609863687
 10
830.833223252353
 20
396.2360220922691
 10
830.9875178508468
 20
396.3364017393728
 10
831.1442294185508
 20
396.432964575002
 10
831.3032635582766
 20
396.5256524333153
 10
831.464524473805
 20
396.61440948261264
 10
831.6279150275905
 20
396.69918225896635
 10
831.7933367992729
 20
396.77991969842583
 10
831.9606901449625
 20
396.8565731677765
 10
832.1298742572618
 20
396.92909649383466
 10
832.3007872259876
 20
396.9974459912605
 10
832.4733260995583
 20
397.06158048887266
 10
832.6473869470083
 20
397.1214613544478
 10
832.8228649205915
 20
397.17705251799157
 10
832.9996543189383
 20
397.2283204934658
 10
833.1776486507255
 20
397.27523439895907
 10
833.3567406988235
 20
397.317765975289
 10
833.536822584879
 20
397.35588960302425
 10
833.7177858342977
 20
397.3895823179171
 10
833.8995214415847
 20
397.41882382473585
 10
834.0819199360059
 20
397.4435965094903
 10
834.2648714475283
 20
397.46388545004146
 10
834.4482657730025
 20
397.4796784250902
 10
834.6319924425444
 20
397.4909659215388
 10
834.8159407860782
 20
397.49774114022154
 10
835.0
 20
397.5
 10
835.1840592139218
 20
397.49774114022154
 10
835.3680075574556
 20
397.4909659215388
 10
835.5517342269975
 20
397.4796784250902
 10
835.7351285524717
 20
397.46388545004146
 10
835.9180800639941
 20
397.4435965094903
 10
836.1004785584153
 20
397.41882382473585
 10
836.2822141657023
 20
397.3895823179171
 10
836.463177415121
 20
397.35588960302425
 10
836.6432593011765
 20
397.317765975289
 10
836.8223513492745
 20
397.27523439895907
 10
837.0003456810617
 20
397.2283204934658
 10
837.1771350794085
 20
397.17705251799157
 10
837.3526130529917
 20
397.1214613544478
 10
837.5266739004417
 20
397.06158048887266
 10
837.6992127740124
 20
396.9974459912605
 10
837.8701257427382
 20
396.92909649383466
 10
838.0393098550375
 20
396.8565731677765
 10
838.2066632007271
 20
396.77991969842583
 10
838.3720849724095
 20
396.69918225896635
 10
838.535475526195
 20
396.61440948261264
 10
838.6967364417234
 20
396.5256524333153
 10
838.8557705814492
 20
396.432964575002
 10
839.0124821491532
 20
396.33640173937283
 10
839.166776747647
 20
396.2360220922691
 10
839.3185614356338
 20
396.13188609863687
 10
839.4677447836932
 20
396.0240564861048
 10
839.6142369293547
 20
395.91259820719955
 10
839.7579496312273
 20
395.7975784002205
 10
839.8987963221533
 20
395.67906634879864
 10
840.0366921613527
 20
395.5571334401622
 10
840.171554085528
 20
395.431853122136
 10
840.3033008588991
 20
395.3033008588991
 10
840.431853122136
 20
395.171554085528
 10
840.5571334401621
 20
395.0366921613526
 10
840.6790663487986
 20
394.8987963221533
 10
840.7975784002206
 20
394.75794963122735
 10
840.9125982071995
 20
394.6142369293547
 10
841.0240564861049
 20
394.46774478369326
 10
841.1318860986369
 20
394.31856143563385
 10
841.2360220922691
 20
394.166776747647
 10
841.3364017393728
 20
394.01248214915324
 10
841.4329645750021
 20
393.8557705814492
 10
841.5256524333154
 20
393.6967364417234
 10
841.6144094826127
 20
393.535475526195
 10
841.6991822589664
 20
393.37208497240954
 10
841.7799196984258
 20
393.2066632007271
 10
841.8565731677764
 20
393.0393098550374
 10
841.9290964938347
 20
392.8701257427382
 10
841.9974459912605
 20
392.69921277401244
 10
842.0615804888727
 20
392.52667390044166
 10
842.1214613544478
 20
392.35261305299167
 10
842.1770525179916
 20
392.17713507940846
 10
842.2283204934658
 20
392.00034568106173
 10
842.2752343989591
 20
391.82235134927447
 10
842.3177659752889
 20
391.6432593011765
 10
842.3558896030243
 20
391.463177415121
 10
842.3895823179171
 20
391.28221416570227
 10
842.4188238247359
 20
391.1004785584152
 10
842.4435965094904
 20
390.9180800639941
 10
842.4638854500415
 20
390.7351285524717
 10
842.4796784250901
 20
390.5517342269975
 10
842.4909659215388
 20
390.36800755745566
 10
842.4977411402215
 20
390.18405921392184
 10
842.5
 20
390.0
 10
842.4977411402215
 20
389.81594078607816
  0
LWPOLYLINE
  5
57
330
17
100
AcDbEntity
  8
CUT
100
AcDbPolyline
 90
257
 70
1
 10
838.1990362198278
 20
390.07853193127335
 10
838.1961454598566
 20
390.1570165578477
 10
838.1913294613718
 20
390.2354066035189
 10
838.1845911253511
 20
390.3136548490546
 10
838.1759345107158
 20
390.3917141606375
 10
838.1653648318872
 20
390.46953751825714
 10
838.1528884556446
 20
390.54707804403296
 10
838.1385128972903
 20
390.6242890304516
 10
838.1222468161233
 20
390.701123968502
 10
838.1041000102225
 20
390.7775365756904
 10
838.0840834105454
 20
390.85348082391965
 10
838.0622090743431
 20
390.9289109672143
 10
838.0384901778978
 20
391.00378156927644
 10
838.0129410085857
 20
391.0780475308551
 10
837.9855769562712
 20
391.15166411691195
 10
837.9564145040362
 20
391.2245869835683
 10
837.9254712182513
 20
391.29677220481597
 10
837.892765737995
 20
391.3681762989769
 10
837.8583177638257
 20
391.43875625489477
 10
837.8221480459148
 20
391.50846955784317
 10
837.7842783715479
 20
391.57727421513533
 10
837.7447315520009
 20
391.6451287814183
 10
837.7035314087991
 20
391.7119923836387
 10
837.6607027593682
 20
391.7778247456627
 10
837.6162714020851
 20
391.8425862125371
 10
837.5702641007381
 20
391.90623777437577
 10
837.5227085684052
 20
391.968741089858
 10
837.4736334507608
 20
392.0300585093237
 10
837.4230683088208
 20
392.09015309745206
 10
837.3710436011359
 20
392.14898865551044
 10
837.3175906654446
 20
392.2065297431586
 10
837.262741699797
 20
392.26274169979695
 10
837.2065297431586
 20
392.3175906654447
 10
837.1489886555105
 20
392.37104360113585
 10
837.0901530974521
 20
392.42306830882075
 10
837.0300585093237
 20
392.47363345076076
 10
836.968741089858
 20
392.52270856840516
 10
836.9062377743758
 20
392.5702641007381
 10
836.8425862125371
 20
392.6162714020851
 10
836.7778247456628
 20
392.6607027593681
 10
836.7119923836387
 20
392.70353140879905
 10
836.6451287814183
 20
392.74473155200087
 10
836.5772742151353
 20
392.7842783715479
 10
836.5084695578432
 20
392.82214804591473
 10
836.4387562548948
 20
392.85831776382565
 10
836.3681762989769
 20
392.89276573799503
 10
836.296772204816
 20
392.9254712182513
 10
836.2245869835683
 20
392.9564145040361
 10
836.151664116912
 20
392.9855769562712
 10
836.0780475308551
 20
393.01294100858564
 10
836.0037815692765
 20
393.0384901778977
 10
835.9289109672143
 20
393.06220907434306
 10
835.8534808239197
 20
393.0840834105454
 10
835.7775365756904
 20
393.10410001022257
 10
835.701123968502
 20
393.12224681612327
 10
835.6242890304516
 20
393.13851289729035
 10
835.547078044033
 20
393.1528884556446
 10
835.4695375182572
 20
393.1653648318873
 10
835.3917141606374
 20
393.1759345107159
 10
835.3136548490546
 20
393.184591125351
 10
835.235406603519
 20
393.1913294613718
 10
835.1570165578478
 20
393.19614545985655
 10
835.0785319312733
 20
393.19903621982786
 10
835.0
 20
393.2
 10
834.9214680687267
 20
393.19903621982786
 10
834.8429834421522
 20
393.19614545985655
 10
834.764593396481
 20
393.1913294613718
 10
834.6863451509454
 20
393.184591125351
 10
834.6082858393626
 20
393.1759345107159
 10
834.5304624817428
 20
393.1653648318873
 10
834.452921955967
 20
393.1528884556446
 10
834.3757109695484
 20
393.13851289729035
 10
834.298876031498
 20
393.12224681612327
 10
834.2224634243096
 20
393.10410001022257
 10
834.1465191760803
 20
393.0840834105454
 10
834.0710890327857
 20
393.06220907434306
 10
833.9962184307235
 20
393.0384901778977
 10
833.9219524691449
 20
393.01294100858564
 10
833.848335883088
 20
392.9855769562712
 10
833.7754130164317
 20
392.9564145040361
 10
833.703227795184
 20
392.9254712182513
 10
833.6318237010231
 20
392.89276573799503
 10
833.5612437451052
 20
392.85831776382565
 10
833.4915304421568
 20
392.82214804591473
 10
833.4227257848647
 20
392.7842783715479
 10
833.3548712185817
 20
392.74473155200087
 10
833.2880076163613
 20
392.70353140879905
 10
833.2221752543372
 20
392.6607027593681
 10
833.1574137874629
 20
392.6162714020851
 10
833.0937622256242
 20
392.5702641007381
 10
833.031258910142
 20
392.52270856840516
 10
832.9699414906763
 20
392.47363345076076
 10
832.9098469025479
 20
392.42306830882075
 10
832.8510113444895
 20
392.37104360113585
 10
832.7934702568414
 20
392.3175906654447
 10
832.737258300203
 20
392.26274169979695
 10
832.6824093345554
 20
392.2065297431586
 10
832.6289563988641
 20
392.14898865551044
 10
832.5769316911792
 20
392.09015309745206
 10
832.5263665492392
 20
392.0300585093237
 10
832.4772914315948
 20
391.968741089858
 10
832.4297358992619
 20
391.90623777437577
 10
832.3837285979149
 20
391.8425862125371
 10
832.3392972406318
 20
391.7778247456627
 10
832.2964685912009
 20
391.7119923836387
 10
832.2552684479991
 20
391.6451287814183
 10
832.2157216284521
 20
391.57727421513533
 10
832.1778519540852
 20
391.50846955784317
 10
832.1416822361743
 20
391.43875625489477
 10
832.107234262005
 20
391.3681762989769
 10
832.0745287817487
 20
391.29677220481597
 10
832.0435854959638
 20
391.2245869835683
 10
832.0144230437288
 20
391.15166411691195
 10
831.9870589914143
 20
391.0780475308551
 10
831.9615098221022
 20
391.00378156927644
 10
831.9377909256569
 20
390.9289109672143
 10
831.9159165894546
 20
390.85348082391965
 10
831.8958999897775
 20
390.7775365756904
 10
831.8777531838767
 20
390.701123968502
 10
831.8614871027097
 20
390.6242890304516
 10
831.8471115443554
 20
390.54707804403296
 10
831.8346351681128
 20
390.46953751825714
 10
831.8240654892842
 20
390.3917141606375
 10
831.8154088746489
 20
390.3136548490546
 10
831.8086705386282
 20
390.2354066035189
 10
831.8038545401434
 20
390.1570165578477
 10
831.8009637801722
 20
390.07853193127335
 10
831.8
 20
390.0
 10
831.8009637801722
 20
389.92146806872665
 10
831.8038545401434
 20
389.8429834421523
 10
831.8086705386282
 20
389.7645933964811
 10
831.8154088746489
 20
389.6863451509454
 10
831.8240654892842
 20
389.6082858393625
 10
831.8346351681128
 20
389.53046248174286
 10
831.8471115443554
 20
389.45292195596704
 10
831.8614871027097
 20
389.3757109695484
 10
831.8777531838767
 20
389.298876031498
 10
831.8958999897775
 20
389.2224634243096
 10
831.9159165894546
 20
389.14651917608035
 10
831.9377909256569
 20
389.0710890327857
 10
831.9615098221022
 20
388.99621843072356
 10
831.9870589914143
 20
388.9219524691449
 10
832.0144230437288
 20
388.84833588308805
 10
832.0435854959638
 20
388.7754130164317
 10
832.0745287817487
 20
388.70322779518403
 10
832.107234262005
 20
388.6318237010231
 10
832.1416822361743
 20
388.56124374510523
 10
832.1778519540852
 20
388.49153044215683
 10
832.2157216284521
 20
388.42272578486467
 10
832.2552684479991
 20
388.3548712185817
 10
832.2964685912009
 20
388.2880076163613
 10
832.3392972406318
 20
388.2221752543373
 10
832.3837285979149
 20
388.1574137874629
 10
832.4297358992619
 20
388.09376222562423
 10
832.4772914315948
 20
388.031258910142
 10
832.5263665492392
 20
387.9699414906763
 10
832.5769316911792
 20
387.90984690254794
 10
832.6289563988641
 20
387.85101134448956
 10
832.6824093345554
 20
387.7934702568414
 10
832.737258300203
 20
387.73725830020305
 10
832.7934702568414
 20
387.6824093345553
 10
832.8510113444895
 20
387.62895639886415
 10
832.9098469025479
 20
387.57693169117925
 10
832.9699414906763
 20
387.52636654923924
 10
833.031258910142
 20
387.47729143159484
 10
833.0937622256242
 20
387.4297358992619
 10
833.1574137874629
 20
387.3837285979149
 10
833.2221752543372
 20
387.3392972406319
 10
833.2880076163613
 20
387.29646859120095
 10
833.3548712185817
 20
387.25526844799913
 10
833.4227257848647
 20
387.2157216284521
 10
833.4915304421568
 20
387.17785195408527
 10
833.5612437451052
 20
387.14168223617435
 10
833.6318237010231
 20
387.10723426200497
 10
833.703227795184
 20
387.0745287817487
 10
833.7754130164317
 20
387.0435854959639
 10
833.848335883088
 20
387.0144230437288
 10
833.9219524691449
 20
386.98705899141436
 10
833.9962184307235
 20
386.9615098221023
 10
834.0710890327857
 20
386.93779092565694
 10
834.1465191760803
 20
386.9159165894546
 10
834.2224634243096
 20
386.89589998977743
 10
834.298876031498
 20
386.87775318387673
 10
834.3757109695484
 20
386.86148710270965
 10
834.452921955967
 20
386.8471115443554
 10
834.5304624817428
 20
386.8346351681127
 10
834.6082858393625
 20
386.8240654892841
 10
834.6863451509454
 20
386.815408874649
 10
834.764593396481
 20
386.8086705386282
 10
834.8429834421522
 20
386.80385454014345
 10
834.9214680687267
 20
386.80096378017214
 10
835.0
 20
386.8
 10
835.0785319312733
 20
386.80096378017214
 10
835.1570165578478
 20
386.80385454014345
 10
835.235406603519
 20
386.8086705386282
 10
835.3136548490546
 20
386.815408874649
 10
835.3917141606375
 20
386.8240654892841
 10
835.4695375182572
 20
386.8346351681127
 10
835.547078044033
 20
386.8471115443554
 10
835.6242890304516
 20
386.86148710270965
 10
835.701123968502
 20
386.87775318387673
 10
835.7775365756904
 20
386.89589998977743
 10
835.8534808239197
 20
386.9159165894546
 10
835.9289109672143
 20
386.93779092565694
 10
836.0037815692765
 20
386.9615098221023
 10
836.0780475308551
 20
386.98705899141436
 10
836.151664116912
 20
387.0144230437288
 10
836.2245869835683
 20
387.0435854959639
 10
836.296772204816
 20
387.0745287817487
 10
836.3681762989769
 20
387.10723426200497
 10
836.4387562548948
 20
387.14168223617435
 10
836.5084695578432
 20
387.17785195408527
 10
836.5772742151353
 20
387.2157216284521
 10
836.6451287814183
 20
387.25526844799913
 10
836.7119923836387
 20
387.29646859120095
 10
836.7778247456628
 20
387.3392972406319
 10
836.8425862125371
 20
387.3837285979149
 10
836.9062377743758
 20
387.4297358992619
 10
836.968741089858
 20
387.47729143159484
 10
837.0300585093237
 20
387.52636654923924
 10
837.0901530974521
 20
387.57693169117925
 10
837.1489886555105
 20
387.62895639886415
 10
837.2065297431586
 20
387.6824093345553
 10
837.262741699797
 20
387.73725830020305
 10
837.3175906654446
 20
387.7934702568414
 10
837.3710436011359
 20
387.85101134448956
 10
837.4230683088208
 20
387.90984690254794
 10
837.4736334507608
 20
387.9699414906763
 10
837.5227085684052
 20
388.031258910142
 10
837.5702641007381
 20
388.09376222562423
 10
837.6162714020851
 20
388.1574137874629
 10
837.6607027593682
 20
388.2221752543373
 10
837.7035314087991
 20
388.2880076163613
 10
837.7447315520009
 20
388.3548712185817
 10
837.7842783715479
 20
388.42272578486467
 10
837.8221480459148
 20
388.49153044215683
 10
837.8583177638257
 20
388.5612437451053
 10
837.892765737995
 20
388.6318237010231
 10
837.9254712182513
 20
388.70322779518403
 10
837.9564145040362
 20
388.7754130164317
 10
837.9855769562712
 20
388.84833588308805
 10
838.0129410085857
 20
388.9219524691449
 10
838.0384901778978
 20
388.99621843072356
 10
838.0622090743431
 20
389.0710890327857
 10
838.0840834105454
 20
389.14651917608035
 10
838.1041000102225
 20
389.2224634243096
 10
838.1222468161233
 20
389.298876031498
 10
838.1385128972903
 20
389.3757109695484
 10
838.1528884556446
 20
389.45292195596704
 10
838.1653648318872
 20
389.53046248174286
 10
838.1759345107158
 20
389.6082858393625
 10
838.1845911253511
 20
389.6863451509454
 10
838.1913294613718
 20
389.7645933964811
 10
838.1961454598566
 20
389.8429834421523
 10
838.1990362198278
 20
389.92146806872665
 10
838.2
 20
390.0
 10
838.1990362198278
 20
390.07853193127335
  0
ENDSEC
  0
SECTION
  2
OBJECTS
  0
DICTIONARY
  5
A
330
0
100
AcDbDictionary
281
1
  3
ACAD_COLOR
350
B
  3
ACAD_GROUP
350
C
  3
ACAD_LAYOUT
350
D
  3
ACAD_MATERIAL
350
E
  3
ACAD_MLEADERSTYLE
350
F
  3
ACAD_MLINESTYLE
350
10
  3
ACAD_PLOTSETTINGS
350
11
  3
ACAD_PLOTSTYLENAME
350
12
  3
ACAD_SCALELIST
350
14
  3
ACAD_TABLESTYLE
350
15
  3
ACAD_VISUALSTYLE
350
16
  3
EZDXF_META
350
2D
  0
DICTIONARY
  5
B
330
A
100
AcDbDictionary
281
1
  0
DICTIONARY
  5
C
330
A
100
AcDbDictionary
281
1
  0
DICTIONARY
  5
D
330
A
100
AcDbDictionary
281
1
  3
Model
350
1A
  3
Layout1
350
1E
  0
DICTIONARY
  5
E
330
A
100
AcDbDictionary
281
1
  3
ByBlock
350
1F
  3
ByLayer
350
20
  3
Global
350
21
  0
DICTIONARY
  5
F
330
A
100
AcDbDictionary
281
1
  3
Standard
350
2C
  0
DICTIONARY
  5
10
330
A
100
AcDbDictionary
281
1
  3
Standard
350
22
  0
DICTIONARY
  5
11
330
A
100
AcDbDictionary
281
1
  0
ACDBDICTIONARYWDFLT
  5
12
330
A
100
AcDbDictionary
281
1
  3
Normal
350
13
100
AcDbDictionaryWithDefault
340
13
  0
ACDBPLACEHOLDER
  5
13
330
12
  0
DICTIONARY
  5
14
330
A
100
AcDbDictionary
281
1
  0
DICTIONARY
  5
15
330
A
100
AcDbDictionary
281
1
  0
DICTIONARY
  5
16
330
A
100
AcDbDictionary
281
1
  0
LAYOUT
  5
1A
330
D
100
AcDbPlotSettings
  1

  4
A3
  6

 40
7.5
 41
20.0
 42
7.5
 43
20.0
 44
420.0
 45
297.0
 46
0.0
 47
0.0
 48
0.0
 49
0.0
140
0.0
141
0.0
142
1.0
143
1.0
 70
1024
 72
1
 73
0
 74
5
  7

 75
16
 76
0
 77
2
 78
300
147
1.0
148
0.0
149
0.0
100
AcDbLayout
  1
Model
 70
1
 71
0
 10
0.0
 20
0.0
 11
420.0
 21
297.0
 12
0.0
 22
0.0
 32
0.0
 14
1e+20
 24
1e+20
 34
1e+20
 15
-1e+20
 25
-1e+20
 35
-1e+20
146
0.0
 13
0.0
 23
0.0
 33
0.0
 16
1.0
 26
0.0
 36
0.0
 17
0.0
 27
1.0
 37
0.0
 76
1
330
17
  0
LAYOUT
  5
1E
330
D
100
AcDbPlotSettings
  1

  4
A3
  6

 40
7.5
 41
20.0
 42
7.5
 43
20.0
 44
420.0
 45
297.0
 46
0.0
 47
0.0
 48
0.0
 49
0.0
140
0.0
141
0.0
142
1.0
143
1.0
 70
0
 72
1
 73
0
 74
5
  7

 75
16
 76
0
 77
2
 78
300
147
1.0
148
0.0
149
0.0
100
AcDbLayout
  1
Layout1
 70
1
 71
1
 10
0.0
 20
0.0
 11
420.0
 21
297.0
 12
0.0
 22
0.0
 32
0.0
 14
1e+20
 24
1e+20
 34
1e+20
 15
-1e+20
 25
-1e+20
 35
-1e+20
146
0.0
 13
0.0
 23
0.0
 33
0.0
 16
1.0
 26
0.0
 36
0.0
 17
0.0
 27
1.0
 37
0.0
 76
1
330
1B
  0
MATERIAL
  5
1F
102
{ACAD_REACTORS
330
E
102
}
330
E
100
AcDbMaterial
  1
ByBlock
  2

 70
0
 40
1.0
 71
1
 41
1.0
 91
-1023410177
 42
1.0
 72
1
  3

 73
1
 74
1
 75
1
 44
0.5
 73
0
 45
1.0
 46
1.0
 77
1
  4

 78
1
 79
1
170
1
 48
1.0
171
1
  6

172
1
173
1
174
1
140
1.0
141
1.0
175
1
  7

176
1
177
1
178
1
143
1.0
179
1
  8

270
1
271
1
272
1
145
1.0
146
1.0
273
1
  9

274
1
275
1
276
1
 42
1.0
 72
1
  3

 73
1
 74
1
 75
1
 94
63
  0
MATERIAL
  5
20
102
{ACAD_REACTORS
330
E
102
}
330
E
100
AcDbMaterial
  1
ByLayer
  2

 70
0
 40
1.0
 71
1
 41
1.0
 91
-1023410177
 42
1.0
 72
1
  3

 73
1
 74
1
 75
1
 44
0.5
 73
0
 45
1.0
 46
1.0
 77
1
  4

 78
1
 79
1
170
1
 48
1.0
171
1
  6

172
1
173
1
174
1
140
1.0
141
1.0
175
1
  7

176
1
177
1
178
1
143
1.0
179
1
  8

270
1
271
1
272
1
145
1.0
146
1.0
273
1
  9

274
1
275
1
276
1
 42
1.0
 72
1
  3

 73
1
 74
1
 75
1
 94
63
  0
MATERIAL
  5
21
102
{ACAD_REACTORS
330
E
102
}
330
E
100
AcDbMaterial
  1
Global
  2

 70
0
 40
1.0
 71
1
 41
1.0
 91
-1023410177
 42
1.0
 72
1
  3

 73
1
 74
1
 75
1
 44
0.5
 73
0
 45
1.0
 46
1.0
 77
1
  4

 78
1
 79
1
170
1
 48
1.0
171
1
  6

172
1
173
1
174
1
140
1.0
141
1.0
175
1
  7

176
1
177
1
178
1
143
1.0
179
1
  8

270
1
271
1
272
1
145
1.0
146
1.0
273
1
  9

274
1
275
1
276
1
 42
1.0
 72
1
  3

 73
1
 74
1
 75
1
 94
63
  0
MLINESTYLE
  5
22
102
{ACAD_REACTORS
330
10
102
}
330
10
100
AcDbMlineStyle
  2
Standard
 70
0
  3

 62
256
 51
90.0
 52
90.0
 71
2
 49
0.5
 62
256
  6
BYLAYER
 49
-0.5
 62
256
  6
BYLAYER
  0
MLEADERSTYLE
  5
2C
102
{ACAD_REACTORS
330
F
102
}
330
F
100
AcDbMLeaderStyle
179
2
170
2
171
1
172
0
 90
2
 40
0.0
 41
0.0
173
1
 91
-1056964608
 92
-2
290
1
 42
2.0
291
1
 43
8.0
  3
Standard
 44
4.0
300

342
29
174
1
175
1
176
0
178
1
 93
-1056964608
 45
4.0
292
0
297
0
 46
4.0
 94
-1056964608
 47
1.0
 49
1.0
140
1.0
294
1
141
0.0
177
0
142
1.0
295
0
296
0
143
3.75
271
0
272
9
273
9
  0
DICTIONARY
  5
2D
330
A
100
AcDbDictionary
280
1
281
1
  3
CREATED_BY_EZDXF
350
2E
  3
WRITTEN_BY_EZDXF
350
5A
  0
DICTIONARYVAR
  5
2E
330
2D
100
DictionaryVariables
280
0
  1
1.4.4 @ 2026-10-06T05:31:54.548722+00:00
  0
DICTIONARYVAR
  5
5A
330
2D
100
DictionaryVariables
280
0
  1
1.4.4 @ 2026-10-06T05:33:38.625896+00:00
  0
ENDSEC
  0
EOF
